f33b55a9ff43f46fa602f8ab7cdb132302ef0a527f1c21830c5f4ca663574e9a	projects/SP-007-DOC-2-033/README.md	SP-007-DOC-2-033/README.md
3092f09da2707e4d3fee3f174005d356825df041c07d15d3d85e88e9a3f77c42	projects/SP-007-DOC-2-033/deliverables/R1-R2/CLEAN_RESTORE_EVIDENCE.txt	SP-007-DOC-2-033/deliverables/R1-R2/CLEAN_RESTORE_EVIDENCE.txt
8fb772aab2ddf03f6dd907c9a772cb06b799f2c089ed5553533ce0f781a1258a	projects/SP-007-DOC-2-033/deliverables/R1-R2/DOC-2-033-R1-R2-package.tar.gz	SP-007-DOC-2-033/deliverables/R1-R2/DOC-2-033-R1-R2-package.tar.gz
da33e7e59251f057da7da57668e1f129e1d529661c1f782974ea8a3365657b9b	projects/SP-007-DOC-2-033/deliverables/R1-R2/DOC-2-033-R1-R2-paper.pdf	SP-007-DOC-2-033/deliverables/R1-R2/DOC-2-033-R1-R2-paper.pdf
13d13a4137774f71acad6ff96d1bdcd45dea3c71b69a7cc48961ffde68d47795	projects/SP-007-DOC-2-033/deliverables/R1-R2/MANIFEST.sha256	SP-007-DOC-2-033/deliverables/R1-R2/MANIFEST.sha256
10f44ce696f1f8fb50cb9262355ba3e257c6fcd3249145fa602f43c5e433083e	projects/SP-007-DOC-2-033/deliverables/R1-R2/package/MANIFEST.sha256	SP-007-DOC-2-033/deliverables/R1-R2/package/MANIFEST.sha256
4161dd41ceb13ceb782dfe81f8fccc61a51893f07bca2a97ad96ddeca9b602dc	projects/SP-007-DOC-2-033/deliverables/R1-R2/package/PACKAGE_MANIFEST.json	SP-007-DOC-2-033/deliverables/R1-R2/package/PACKAGE_MANIFEST.json
8653c036c35269c1334b643b3652eaa22c8dfd720ebe85fa267f5b9d14b8ba5a	projects/SP-007-DOC-2-033/deliverables/R1-R2/package/README.md	SP-007-DOC-2-033/deliverables/R1-R2/package/README.md
420fbc619f8e9d849015561eb353b284d68ba9649605c09cef68ba057fdc6396	projects/SP-007-DOC-2-033/deliverables/R1-R2/package/cli/README.md	SP-007-DOC-2-033/deliverables/R1-R2/package/cli/README.md
0546a3d74154367e7bd6c832cae5f3a35c439d70a59905c0ffe1234557e360fc	projects/SP-007-DOC-2-033/deliverables/R1-R2/package/cli/doc2033_review.py	SP-007-DOC-2-033/deliverables/R1-R2/package/cli/doc2033_review.py
eda5afc0904a845a3e2b3fa3fa99e584d1df4e5825d3c072be72b539e423df2b	projects/SP-007-DOC-2-033/deliverables/R1-R2/package/closeout/CLEAN_RESTORE_EVIDENCE.txt	SP-007-DOC-2-033/deliverables/R1-R2/package/closeout/CLEAN_RESTORE_EVIDENCE.txt
3c4464a7a5f606bce00d49720bf76ce672f1d7d670cc9f614df869012bb52270	projects/SP-007-DOC-2-033/deliverables/R1-R2/package/closeout/CLOSEOUT_LEDGER.md	SP-007-DOC-2-033/deliverables/R1-R2/package/closeout/CLOSEOUT_LEDGER.md
2f8436ba83af6c5bf8825aaaff197612e8f65ad317fe589610010912e962dfc7	projects/SP-007-DOC-2-033/deliverables/R1-R2/package/closeout/REQUIRE_CHANGES_FIXES.md	SP-007-DOC-2-033/deliverables/R1-R2/package/closeout/REQUIRE_CHANGES_FIXES.md
d7c821fc083d113c057252a798a1f50262622bcd600d4ed2218d120931b5273e	projects/SP-007-DOC-2-033/deliverables/R1-R2/package/figures/r1_card_counts.SOURCE.sha256	SP-007-DOC-2-033/deliverables/R1-R2/package/figures/r1_card_counts.SOURCE.sha256
a4e57edaa55e2de7d1cc28a27e40f1eb70f08caf44d354d02345da2d69603f2a	projects/SP-007-DOC-2-033/deliverables/R1-R2/package/figures/r1_card_counts.png	SP-007-DOC-2-033/deliverables/R1-R2/package/figures/r1_card_counts.png
14060fc41df001088f1046a583100530e0bb694defdde0f6aa384d565e4a59a9	projects/SP-007-DOC-2-033/deliverables/R1-R2/package/figures/r2_transport_metrics.SOURCE.sha256	SP-007-DOC-2-033/deliverables/R1-R2/package/figures/r2_transport_metrics.SOURCE.sha256
d0df3f74f73c5eb1b10049fe34ad0a8ad742be344fa180ab7f88755f92d010db	projects/SP-007-DOC-2-033/deliverables/R1-R2/package/figures/r2_transport_metrics.png	SP-007-DOC-2-033/deliverables/R1-R2/package/figures/r2_transport_metrics.png
ae9f8688e171bac138097dd79bc61b47daf611714ac8bf6eba020403e5d4f6eb	projects/SP-007-DOC-2-033/deliverables/R1-R2/package/figures/render_figures.py	SP-007-DOC-2-033/deliverables/R1-R2/package/figures/render_figures.py
f33b55a9ff43f46fa602f8ab7cdb132302ef0a527f1c21830c5f4ca663574e9a	projects/SP-007-DOC-2-033/deliverables/R1-R2/package/frozen/PROJECT_README.md	SP-007-DOC-2-033/deliverables/R1-R2/package/frozen/PROJECT_README.md
a3d40ee5e11125c03c2b06dc2f1bc5ab7c475d7a7e3267ee32e29488515ce7c3	projects/SP-007-DOC-2-033/deliverables/R1-R2/package/frozen/deliverables/code/r1_accumulate.py	SP-007-DOC-2-033/deliverables/R1-R2/package/frozen/deliverables/code/r1_accumulate.py
6b92bd669df12fc0894fe29fe543a0a55324e2cc1bcde7b324c4ad93859bd4df	projects/SP-007-DOC-2-033/deliverables/R1-R2/package/frozen/deliverables/code/r1_construct_pass.py	SP-007-DOC-2-033/deliverables/R1-R2/package/frozen/deliverables/code/r1_construct_pass.py
b53781a873c8e2b286ef47130ce06b5fcc1214fc79a765ac573e0f8377247b3f	projects/SP-007-DOC-2-033/deliverables/R1-R2/package/frozen/deliverables/code/r1_controls.py	SP-007-DOC-2-033/deliverables/R1-R2/package/frozen/deliverables/code/r1_controls.py
890f08c7dba644f5b1be65039578bc3666c1b4193e2af464ac6dc7fcbae30e4a	projects/SP-007-DOC-2-033/deliverables/R1-R2/package/frozen/deliverables/code/r1_freeze.py	SP-007-DOC-2-033/deliverables/R1-R2/package/frozen/deliverables/code/r1_freeze.py
4978462b01c17decbcc2d09e0badfc1ed8e198f3180b4678ad896a29c604c552	projects/SP-007-DOC-2-033/deliverables/R1-R2/package/frozen/deliverables/code/r1_matched_pseudo_pass.py	SP-007-DOC-2-033/deliverables/R1-R2/package/frozen/deliverables/code/r1_matched_pseudo_pass.py
11d11cfab4b938543e5eec917386e3febf8fc65f326e635f32a93c3c06026200	projects/SP-007-DOC-2-033/deliverables/R1-R2/package/frozen/deliverables/code/r1_scores.py	SP-007-DOC-2-033/deliverables/R1-R2/package/frozen/deliverables/code/r1_scores.py
244f91e18a3a130143f3510c0e00bf8e6586f5246db5c64710733fa9ec49a669	projects/SP-007-DOC-2-033/deliverables/R1-R2/package/frozen/deliverables/code/r1_scores2.py	SP-007-DOC-2-033/deliverables/R1-R2/package/frozen/deliverables/code/r1_scores2.py
a296be3e3fd893b2a52708da7ff10f964ec86d5a2c696e3bf795b383640dea9a	projects/SP-007-DOC-2-033/deliverables/R1-R2/package/frozen/deliverables/code/r1_shuffled_pass.py	SP-007-DOC-2-033/deliverables/R1-R2/package/frozen/deliverables/code/r1_shuffled_pass.py
869c24afd341b42a658a150cec1fa3aeb69259d6e4db11d2e856490bf9409749	projects/SP-007-DOC-2-033/deliverables/R1-R2/package/frozen/deliverables/code/r1_shuffled_scores.py	SP-007-DOC-2-033/deliverables/R1-R2/package/frozen/deliverables/code/r1_shuffled_scores.py
c8fa66bc8d55e5605bc983f3cb72c371c8981dc7edf3f7405cd8a33b9683bbfc	projects/SP-007-DOC-2-033/deliverables/R1-R2/package/frozen/deliverables/code/r1_state_ctl_pass.py	SP-007-DOC-2-033/deliverables/R1-R2/package/frozen/deliverables/code/r1_state_ctl_pass.py
7ec0fc055b83535c73b341ca17a76408d79c6fb7ff1f61925cbace9519bdde9f	projects/SP-007-DOC-2-033/deliverables/R1-R2/package/frozen/deliverables/code/r2_rpe1_accumulate.py	SP-007-DOC-2-033/deliverables/R1-R2/package/frozen/deliverables/code/r2_rpe1_accumulate.py
30230ae7289e861a03c704049de182c522b5db2f5103f73ef8be1ef35e2ee235	projects/SP-007-DOC-2-033/deliverables/R1-R2/package/frozen/deliverables/data_manifest/h5ad_md5_manifest.txt	SP-007-DOC-2-033/deliverables/R1-R2/package/frozen/deliverables/data_manifest/h5ad_md5_manifest.txt
321ef61892c34cc0f0c5cd08d346cfd6d791e7f2f72e52d91eff9aba233b5af7	projects/SP-007-DOC-2-033/deliverables/R1-R2/package/frozen/deliverables/data_manifest/lincs_sha256_manifest.txt	SP-007-DOC-2-033/deliverables/R1-R2/package/frozen/deliverables/data_manifest/lincs_sha256_manifest.txt
8b9a148a516675082cf9bba876f26f8cfe9bb258db49e8f63213133e30fcb1c9	projects/SP-007-DOC-2-033/deliverables/R1-R2/package/frozen/deliverables/protocol/environment_ledger.json	SP-007-DOC-2-033/deliverables/R1-R2/package/frozen/deliverables/protocol/environment_ledger.json
f4950b94c2056be69f09016e273b1e7327ed08a9a1d9a9b06ccc42f44b29caba	projects/SP-007-DOC-2-033/deliverables/R1-R2/package/frozen/deliverables/protocol/protocol_r0.json	SP-007-DOC-2-033/deliverables/R1-R2/package/frozen/deliverables/protocol/protocol_r0.json
f4a0cc0db1c721241b12d2d51baf9e287c493897b5e63a5c79ba357625b0cca5	projects/SP-007-DOC-2-033/deliverables/R1-R2/package/frozen/deliverables/protocol/protocol_r0.lock	SP-007-DOC-2-033/deliverables/R1-R2/package/frozen/deliverables/protocol/protocol_r0.lock
7836cb204b997335c2abfbdacf07b6ef865e6500256b52ad91b91766218a85dc	projects/SP-007-DOC-2-033/deliverables/R1-R2/package/frozen/deliverables/protocol/protocol_r1.json	SP-007-DOC-2-033/deliverables/R1-R2/package/frozen/deliverables/protocol/protocol_r1.json
13d14d8616c379038db20228113642b9f69a69f4ed1693457502c3b042dabf51	projects/SP-007-DOC-2-033/deliverables/R1-R2/package/frozen/deliverables/protocol/protocol_r1.lock	SP-007-DOC-2-033/deliverables/R1-R2/package/frozen/deliverables/protocol/protocol_r1.lock
f2231e39380484637366f06c392ba7a71189c859df6eb768bbf534b4ff869256	projects/SP-007-DOC-2-033/deliverables/R1-R2/package/frozen/deliverables/protocol/protocol_r2.json	SP-007-DOC-2-033/deliverables/R1-R2/package/frozen/deliverables/protocol/protocol_r2.json
1b910bd253c5fcd763266194f7d8c231e68ef35f270f57ff3ed6d8664e8be5ac	projects/SP-007-DOC-2-033/deliverables/R1-R2/package/frozen/deliverables/protocol/protocol_r2.lock	SP-007-DOC-2-033/deliverables/R1-R2/package/frozen/deliverables/protocol/protocol_r2.lock
40e076cbbaba439fc5a27f0fe063a3f0e9d2095d0b3b49ce47cc7de17ac737b9	projects/SP-007-DOC-2-033/deliverables/R1-R2/package/frozen/deliverables/protocol/provenance_ledger.json	SP-007-DOC-2-033/deliverables/R1-R2/package/frozen/deliverables/protocol/provenance_ledger.json
19c19dfd234811dd8664d8d8b87322bcd5e438270d0d8ffeb371e4404aa16c57	projects/SP-007-DOC-2-033/deliverables/R1-R2/package/frozen/deliverables/report/r0_report.md	SP-007-DOC-2-033/deliverables/R1-R2/package/frozen/deliverables/report/r0_report.md
204cd1f215897223b2d95084553c51ed25acd25850116926d34ab963cc12ba41	projects/SP-007-DOC-2-033/deliverables/R1-R2/package/frozen/deliverables/report/r1_report.md	SP-007-DOC-2-033/deliverables/R1-R2/package/frozen/deliverables/report/r1_report.md
e50595a93e1c15194797bf8c7db9c0a3ed1057647c02bc6a3c67a30c5c4087e1	projects/SP-007-DOC-2-033/deliverables/R1-R2/package/frozen/deliverables/report/r2_report.md	SP-007-DOC-2-033/deliverables/R1-R2/package/frozen/deliverables/report/r2_report.md
cc6928a27f26f20836413c12886ef25ec9db508d2f1627aef2547ee060ae5df5	projects/SP-007-DOC-2-033/deliverables/R1-R2/package/frozen/deliverables/results/atlas_score_summary.json	SP-007-DOC-2-033/deliverables/R1-R2/package/frozen/deliverables/results/atlas_score_summary.json
b345e67dbf4563b0682a1cf03517734708d8906492cbd4160db44e736a8de298	projects/SP-007-DOC-2-033/deliverables/R1-R2/package/frozen/deliverables/results/cards_association_only.tsv	SP-007-DOC-2-033/deliverables/R1-R2/package/frozen/deliverables/results/cards_association_only.tsv
c3dbdbfe063a1f6eafd0dbc6dbe2690016e0f0e1c3831742bc5cec9eab7b1166	projects/SP-007-DOC-2-033/deliverables/R1-R2/package/frozen/deliverables/results/cards_perturbation_supported.tsv	SP-007-DOC-2-033/deliverables/R1-R2/package/frozen/deliverables/results/cards_perturbation_supported.tsv
19a71d82a0a551b571554aa3c80f625f10e32380b6f71ec6306dbe70af64fed4	projects/SP-007-DOC-2-033/deliverables/R1-R2/package/frozen/deliverables/results/cards_reference_discordant.tsv	SP-007-DOC-2-033/deliverables/R1-R2/package/frozen/deliverables/results/cards_reference_discordant.tsv
9342f9162850286b1bc15935a8d699bcda73939eb6bfaf1440abbf912c7c5e9c	projects/SP-007-DOC-2-033/deliverables/R1-R2/package/frozen/deliverables/results/controls_battery.json	SP-007-DOC-2-033/deliverables/R1-R2/package/frozen/deliverables/results/controls_battery.json
3caf6fe75e8b47e879ecc0cd8b90e6782fdcab724d62063e5970d91794cc4960	projects/SP-007-DOC-2-033/deliverables/R1-R2/package/frozen/deliverables/results/e_star_audit_universe.json	SP-007-DOC-2-033/deliverables/R1-R2/package/frozen/deliverables/results/e_star_audit_universe.json
788474c79db4d807d8c4098611771f9e206c785395869af14eb2a3169a2b21fd	projects/SP-007-DOC-2-033/deliverables/R1-R2/package/frozen/deliverables/results/g2_overlap.json	SP-007-DOC-2-033/deliverables/R1-R2/package/frozen/deliverables/results/g2_overlap.json
8429cae00c3d5fd55d924cfb729f8f2cee153de5888c57f0f1a11967427bdbb2	projects/SP-007-DOC-2-033/deliverables/R1-R2/package/frozen/deliverables/results/gate_evaluation_r0.json	SP-007-DOC-2-033/deliverables/R1-R2/package/frozen/deliverables/results/gate_evaluation_r0.json
e8a7d5461a3017184b2c67a073b3bbdb3cebaed513d623c915435726c21201ad	projects/SP-007-DOC-2-033/deliverables/R1-R2/package/frozen/deliverables/results/gate_evaluation_r1.json	SP-007-DOC-2-033/deliverables/R1-R2/package/frozen/deliverables/results/gate_evaluation_r1.json
090e8a7399c9a400518b5fb39c233c7e3b315b15a9787aaf16a79e1d4ee53010	projects/SP-007-DOC-2-033/deliverables/R1-R2/package/frozen/deliverables/results/gene_names.txt	SP-007-DOC-2-033/deliverables/R1-R2/package/frozen/deliverables/results/gene_names.txt
3bee9f12599f6ff97fefb386a86a2540c35e0538566fbfd8771413b1e1864834	projects/SP-007-DOC-2-033/deliverables/R1-R2/package/frozen/deliverables/results/primary_measured_targets.json	SP-007-DOC-2-033/deliverables/R1-R2/package/frozen/deliverables/results/primary_measured_targets.json
a75a93202cece34d32c88eb93b636148966c74a75f01922bf782b62b9850dd13	projects/SP-007-DOC-2-033/deliverables/R1-R2/package/frozen/deliverables/results/primary_structure_probe.json	SP-007-DOC-2-033/deliverables/R1-R2/package/frozen/deliverables/results/primary_structure_probe.json
62e654ab1a4ee3bb22de9fdd5bd33eca91263ff613a9dc7e565adb664f662049	projects/SP-007-DOC-2-033/deliverables/R1-R2/package/frozen/deliverables/results/r1_freeze_manifest.json	SP-007-DOC-2-033/deliverables/R1-R2/package/frozen/deliverables/results/r1_freeze_manifest.json
041c9aa00e0ecdcda8fe8ca559f816d643bad8cdfcb8c9bbee41397e2b5f7020	projects/SP-007-DOC-2-033/deliverables/R1-R2/package/frozen/deliverables/results/r2_rpe1_freeze_manifest.json	SP-007-DOC-2-033/deliverables/R1-R2/package/frozen/deliverables/results/r2_rpe1_freeze_manifest.json
33048281cbf6034c6bfda04aac03c9b19e266f36efaea346fcfccd19e4fbaee7	projects/SP-007-DOC-2-033/deliverables/R1-R2/package/frozen/deliverables/results/r2_shared_overlap_freeze.json	SP-007-DOC-2-033/deliverables/R1-R2/package/frozen/deliverables/results/r2_shared_overlap_freeze.json
971c8dfa786685e1cf0607fc92426341b41ccef48453d10fb3ff2bfcb595c1ff	projects/SP-007-DOC-2-033/deliverables/R1-R2/package/frozen/deliverables/results/r2_transport_evaluation.json	SP-007-DOC-2-033/deliverables/R1-R2/package/frozen/deliverables/results/r2_transport_evaluation.json
04a04a190e5439c22113ceadcbcf90a983cdb8c4c622e3593f7dcd8d620d9a51	projects/SP-007-DOC-2-033/deliverables/R1-R2/package/frozen/deliverables/results/reference_audit.json	SP-007-DOC-2-033/deliverables/R1-R2/package/frozen/deliverables/results/reference_audit.json
ddd766d9377b6bc9b9d834afbfc7f0fb9774cbf6392f24943b2ef4e926fa6258	projects/SP-007-DOC-2-033/deliverables/R1-R2/package/frozen/deliverables/results/review_queue_summary.json	SP-007-DOC-2-033/deliverables/R1-R2/package/frozen/deliverables/results/review_queue_summary.json
1a8dfb330a927bc6bf543e1464f7caf19d2210a13386c4610ddfef361092382b	projects/SP-007-DOC-2-033/deliverables/R1-R2/package/frozen/deliverables/results/rpe1_tau.json	SP-007-DOC-2-033/deliverables/R1-R2/package/frozen/deliverables/results/rpe1_tau.json
383caa45fc2a81c62b1cac196584d139962712873bc0d69bc6e9a4018f5243a9	projects/SP-007-DOC-2-033/deliverables/R1-R2/package/frozen/deliverables/results/shuffled_label_control.json	SP-007-DOC-2-033/deliverables/R1-R2/package/frozen/deliverables/results/shuffled_label_control.json
51e0fa45824ff454ca585ce6b380301c28bc40c4a6a8f956d6a7b7dbbf97e5e6	projects/SP-007-DOC-2-033/deliverables/R1-R2/package/frozen/deliverables/results/supported_final.json	SP-007-DOC-2-033/deliverables/R1-R2/package/frozen/deliverables/results/supported_final.json
99c1893acf5b2e2cbca3e4f8402468e12a2d2495fd783f3811d1b994d5c86f94	projects/SP-007-DOC-2-033/deliverables/R1-R2/package/frozen/deliverables/results/tau.json	SP-007-DOC-2-033/deliverables/R1-R2/package/frozen/deliverables/results/tau.json
1ce8ff5ad28ab6c8eda706496b9f72c4e8d13677a7bd3964a57fa6898dd1aa75	projects/SP-007-DOC-2-033/deliverables/R1-R2/package/frozen/deliverables/results/tau_matched.json	SP-007-DOC-2-033/deliverables/R1-R2/package/frozen/deliverables/results/tau_matched.json
da33e7e59251f057da7da57668e1f129e1d529661c1f782974ea8a3365657b9b	projects/SP-007-DOC-2-033/deliverables/R1-R2/package/paper/DOC-2-033-R1-R2-paper.pdf	SP-007-DOC-2-033/deliverables/R1-R2/package/paper/DOC-2-033-R1-R2-paper.pdf
ccc33c1d3303f5f1acbd6d00e40a40940960952ca50979894e9045da30d652dc	projects/SP-007-DOC-2-033/deliverables/R1-R2/package/paper/DOC-2-033-R1-R2-paper.tex	SP-007-DOC-2-033/deliverables/R1-R2/package/paper/DOC-2-033-R1-R2-paper.tex
a8ed04278ad7373550c5d2c06d768667f2768002215a1d92aa2d3761fb3088d8	projects/SP-007-DOC-2-033/deliverables/R1-R2/package/provenance/ENVIRONMENT.md	SP-007-DOC-2-033/deliverables/R1-R2/package/provenance/ENVIRONMENT.md
56f62c1ab500af86e9c15e6de04852f264b451a88a9decd0ef0389c15cecf81c	projects/SP-007-DOC-2-033/deliverables/R1-R2/package/provenance/MISSING_ARTIFACTS.md	SP-007-DOC-2-033/deliverables/R1-R2/package/provenance/MISSING_ARTIFACTS.md
969f9ef6671d5f14682d676a201615a0f994e84e6d40ba67fa75453fe6b8515c	projects/SP-007-DOC-2-033/deliverables/R1-R2/package/provenance/PROVENANCE.md	SP-007-DOC-2-033/deliverables/R1-R2/package/provenance/PROVENANCE.md
a8a60dc9b3e87db97e1f1330aead9d8f11d92b8a0c271fc2474dd18ebb03bc08	projects/SP-007-DOC-2-033/deliverables/R1-R2/package/provenance/SOURCE_HASH_MAP.tsv	SP-007-DOC-2-033/deliverables/R1-R2/package/provenance/SOURCE_HASH_MAP.tsv
b7e1fdf960603a3ed1216fc434b17ea1bddb4c0519764d95b86bfdb3e0467aa9	projects/SP-007-DOC-2-033/deliverables/R1-R2/package/tests/golden/lookup.txt	SP-007-DOC-2-033/deliverables/R1-R2/package/tests/golden/lookup.txt
4ed5fd0684ae67775b998f804135f4ec25e63a3288aa43424ae6cad45592f843	projects/SP-007-DOC-2-033/deliverables/R1-R2/package/tests/golden/row.txt	SP-007-DOC-2-033/deliverables/R1-R2/package/tests/golden/row.txt
38130be3ccca919bafcc398e780fa7a82d20ef4968d9d5622c5f90b6a142f7b8	projects/SP-007-DOC-2-033/deliverables/R1-R2/package/tests/golden/schema.txt	SP-007-DOC-2-033/deliverables/R1-R2/package/tests/golden/schema.txt
5dad4b9a1fe49cf1d44fafd47402d1453ab8c3f5daf4e51792bcc7f78351ff5e	projects/SP-007-DOC-2-033/deliverables/R1-R2/package/tests/golden/summary.txt	SP-007-DOC-2-033/deliverables/R1-R2/package/tests/golden/summary.txt
fe0d2c8de15f4d63be9a4a080cfb40703911de5a1485532f11a51b61e1889ad6	projects/SP-007-DOC-2-033/deliverables/R1-R2/package/tests/run_tests.py	SP-007-DOC-2-033/deliverables/R1-R2/package/tests/run_tests.py
a3d40ee5e11125c03c2b06dc2f1bc5ab7c475d7a7e3267ee32e29488515ce7c3	projects/SP-007-DOC-2-033/deliverables/code/r1_accumulate.py	SP-007-DOC-2-033/deliverables/code/r1_accumulate.py
6b92bd669df12fc0894fe29fe543a0a55324e2cc1bcde7b324c4ad93859bd4df	projects/SP-007-DOC-2-033/deliverables/code/r1_construct_pass.py	SP-007-DOC-2-033/deliverables/code/r1_construct_pass.py
b53781a873c8e2b286ef47130ce06b5fcc1214fc79a765ac573e0f8377247b3f	projects/SP-007-DOC-2-033/deliverables/code/r1_controls.py	SP-007-DOC-2-033/deliverables/code/r1_controls.py
890f08c7dba644f5b1be65039578bc3666c1b4193e2af464ac6dc7fcbae30e4a	projects/SP-007-DOC-2-033/deliverables/code/r1_freeze.py	SP-007-DOC-2-033/deliverables/code/r1_freeze.py
4978462b01c17decbcc2d09e0badfc1ed8e198f3180b4678ad896a29c604c552	projects/SP-007-DOC-2-033/deliverables/code/r1_matched_pseudo_pass.py	SP-007-DOC-2-033/deliverables/code/r1_matched_pseudo_pass.py
11d11cfab4b938543e5eec917386e3febf8fc65f326e635f32a93c3c06026200	projects/SP-007-DOC-2-033/deliverables/code/r1_scores.py	SP-007-DOC-2-033/deliverables/code/r1_scores.py
244f91e18a3a130143f3510c0e00bf8e6586f5246db5c64710733fa9ec49a669	projects/SP-007-DOC-2-033/deliverables/code/r1_scores2.py	SP-007-DOC-2-033/deliverables/code/r1_scores2.py
a296be3e3fd893b2a52708da7ff10f964ec86d5a2c696e3bf795b383640dea9a	projects/SP-007-DOC-2-033/deliverables/code/r1_shuffled_pass.py	SP-007-DOC-2-033/deliverables/code/r1_shuffled_pass.py
869c24afd341b42a658a150cec1fa3aeb69259d6e4db11d2e856490bf9409749	projects/SP-007-DOC-2-033/deliverables/code/r1_shuffled_scores.py	SP-007-DOC-2-033/deliverables/code/r1_shuffled_scores.py
c8fa66bc8d55e5605bc983f3cb72c371c8981dc7edf3f7405cd8a33b9683bbfc	projects/SP-007-DOC-2-033/deliverables/code/r1_state_ctl_pass.py	SP-007-DOC-2-033/deliverables/code/r1_state_ctl_pass.py
7ec0fc055b83535c73b341ca17a76408d79c6fb7ff1f61925cbace9519bdde9f	projects/SP-007-DOC-2-033/deliverables/code/r2_rpe1_accumulate.py	SP-007-DOC-2-033/deliverables/code/r2_rpe1_accumulate.py
30230ae7289e861a03c704049de182c522b5db2f5103f73ef8be1ef35e2ee235	projects/SP-007-DOC-2-033/deliverables/data_manifest/h5ad_md5_manifest.txt	SP-007-DOC-2-033/deliverables/data_manifest/h5ad_md5_manifest.txt
321ef61892c34cc0f0c5cd08d346cfd6d791e7f2f72e52d91eff9aba233b5af7	projects/SP-007-DOC-2-033/deliverables/data_manifest/lincs_sha256_manifest.txt	SP-007-DOC-2-033/deliverables/data_manifest/lincs_sha256_manifest.txt
8b9a148a516675082cf9bba876f26f8cfe9bb258db49e8f63213133e30fcb1c9	projects/SP-007-DOC-2-033/deliverables/protocol/environment_ledger.json	SP-007-DOC-2-033/deliverables/protocol/environment_ledger.json
f4950b94c2056be69f09016e273b1e7327ed08a9a1d9a9b06ccc42f44b29caba	projects/SP-007-DOC-2-033/deliverables/protocol/protocol_r0.json	SP-007-DOC-2-033/deliverables/protocol/protocol_r0.json
f4a0cc0db1c721241b12d2d51baf9e287c493897b5e63a5c79ba357625b0cca5	projects/SP-007-DOC-2-033/deliverables/protocol/protocol_r0.lock	SP-007-DOC-2-033/deliverables/protocol/protocol_r0.lock
7836cb204b997335c2abfbdacf07b6ef865e6500256b52ad91b91766218a85dc	projects/SP-007-DOC-2-033/deliverables/protocol/protocol_r1.json	SP-007-DOC-2-033/deliverables/protocol/protocol_r1.json
13d14d8616c379038db20228113642b9f69a69f4ed1693457502c3b042dabf51	projects/SP-007-DOC-2-033/deliverables/protocol/protocol_r1.lock	SP-007-DOC-2-033/deliverables/protocol/protocol_r1.lock
f2231e39380484637366f06c392ba7a71189c859df6eb768bbf534b4ff869256	projects/SP-007-DOC-2-033/deliverables/protocol/protocol_r2.json	SP-007-DOC-2-033/deliverables/protocol/protocol_r2.json
1b910bd253c5fcd763266194f7d8c231e68ef35f270f57ff3ed6d8664e8be5ac	projects/SP-007-DOC-2-033/deliverables/protocol/protocol_r2.lock	SP-007-DOC-2-033/deliverables/protocol/protocol_r2.lock
40e076cbbaba439fc5a27f0fe063a3f0e9d2095d0b3b49ce47cc7de17ac737b9	projects/SP-007-DOC-2-033/deliverables/protocol/provenance_ledger.json	SP-007-DOC-2-033/deliverables/protocol/provenance_ledger.json
19c19dfd234811dd8664d8d8b87322bcd5e438270d0d8ffeb371e4404aa16c57	projects/SP-007-DOC-2-033/deliverables/report/r0_report.md	SP-007-DOC-2-033/deliverables/report/r0_report.md
204cd1f215897223b2d95084553c51ed25acd25850116926d34ab963cc12ba41	projects/SP-007-DOC-2-033/deliverables/report/r1_report.md	SP-007-DOC-2-033/deliverables/report/r1_report.md
e50595a93e1c15194797bf8c7db9c0a3ed1057647c02bc6a3c67a30c5c4087e1	projects/SP-007-DOC-2-033/deliverables/report/r2_report.md	SP-007-DOC-2-033/deliverables/report/r2_report.md
cc6928a27f26f20836413c12886ef25ec9db508d2f1627aef2547ee060ae5df5	projects/SP-007-DOC-2-033/deliverables/results/atlas_score_summary.json	SP-007-DOC-2-033/deliverables/results/atlas_score_summary.json
b345e67dbf4563b0682a1cf03517734708d8906492cbd4160db44e736a8de298	projects/SP-007-DOC-2-033/deliverables/results/cards_association_only.tsv	SP-007-DOC-2-033/deliverables/results/cards_association_only.tsv
c3dbdbfe063a1f6eafd0dbc6dbe2690016e0f0e1c3831742bc5cec9eab7b1166	projects/SP-007-DOC-2-033/deliverables/results/cards_perturbation_supported.tsv	SP-007-DOC-2-033/deliverables/results/cards_perturbation_supported.tsv
19a71d82a0a551b571554aa3c80f625f10e32380b6f71ec6306dbe70af64fed4	projects/SP-007-DOC-2-033/deliverables/results/cards_reference_discordant.tsv	SP-007-DOC-2-033/deliverables/results/cards_reference_discordant.tsv
9342f9162850286b1bc15935a8d699bcda73939eb6bfaf1440abbf912c7c5e9c	projects/SP-007-DOC-2-033/deliverables/results/controls_battery.json	SP-007-DOC-2-033/deliverables/results/controls_battery.json
3caf6fe75e8b47e879ecc0cd8b90e6782fdcab724d62063e5970d91794cc4960	projects/SP-007-DOC-2-033/deliverables/results/e_star_audit_universe.json	SP-007-DOC-2-033/deliverables/results/e_star_audit_universe.json
788474c79db4d807d8c4098611771f9e206c785395869af14eb2a3169a2b21fd	projects/SP-007-DOC-2-033/deliverables/results/g2_overlap.json	SP-007-DOC-2-033/deliverables/results/g2_overlap.json
8429cae00c3d5fd55d924cfb729f8f2cee153de5888c57f0f1a11967427bdbb2	projects/SP-007-DOC-2-033/deliverables/results/gate_evaluation_r0.json	SP-007-DOC-2-033/deliverables/results/gate_evaluation_r0.json
e8a7d5461a3017184b2c67a073b3bbdb3cebaed513d623c915435726c21201ad	projects/SP-007-DOC-2-033/deliverables/results/gate_evaluation_r1.json	SP-007-DOC-2-033/deliverables/results/gate_evaluation_r1.json
090e8a7399c9a400518b5fb39c233c7e3b315b15a9787aaf16a79e1d4ee53010	projects/SP-007-DOC-2-033/deliverables/results/gene_names.txt	SP-007-DOC-2-033/deliverables/results/gene_names.txt
3bee9f12599f6ff97fefb386a86a2540c35e0538566fbfd8771413b1e1864834	projects/SP-007-DOC-2-033/deliverables/results/primary_measured_targets.json	SP-007-DOC-2-033/deliverables/results/primary_measured_targets.json
a75a93202cece34d32c88eb93b636148966c74a75f01922bf782b62b9850dd13	projects/SP-007-DOC-2-033/deliverables/results/primary_structure_probe.json	SP-007-DOC-2-033/deliverables/results/primary_structure_probe.json
62e654ab1a4ee3bb22de9fdd5bd33eca91263ff613a9dc7e565adb664f662049	projects/SP-007-DOC-2-033/deliverables/results/r1_freeze_manifest.json	SP-007-DOC-2-033/deliverables/results/r1_freeze_manifest.json
041c9aa00e0ecdcda8fe8ca559f816d643bad8cdfcb8c9bbee41397e2b5f7020	projects/SP-007-DOC-2-033/deliverables/results/r2_rpe1_freeze_manifest.json	SP-007-DOC-2-033/deliverables/results/r2_rpe1_freeze_manifest.json
33048281cbf6034c6bfda04aac03c9b19e266f36efaea346fcfccd19e4fbaee7	projects/SP-007-DOC-2-033/deliverables/results/r2_shared_overlap_freeze.json	SP-007-DOC-2-033/deliverables/results/r2_shared_overlap_freeze.json
971c8dfa786685e1cf0607fc92426341b41ccef48453d10fb3ff2bfcb595c1ff	projects/SP-007-DOC-2-033/deliverables/results/r2_transport_evaluation.json	SP-007-DOC-2-033/deliverables/results/r2_transport_evaluation.json
04a04a190e5439c22113ceadcbcf90a983cdb8c4c622e3593f7dcd8d620d9a51	projects/SP-007-DOC-2-033/deliverables/results/reference_audit.json	SP-007-DOC-2-033/deliverables/results/reference_audit.json
ddd766d9377b6bc9b9d834afbfc7f0fb9774cbf6392f24943b2ef4e926fa6258	projects/SP-007-DOC-2-033/deliverables/results/review_queue_summary.json	SP-007-DOC-2-033/deliverables/results/review_queue_summary.json
1a8dfb330a927bc6bf543e1464f7caf19d2210a13386c4610ddfef361092382b	projects/SP-007-DOC-2-033/deliverables/results/rpe1_tau.json	SP-007-DOC-2-033/deliverables/results/rpe1_tau.json
383caa45fc2a81c62b1cac196584d139962712873bc0d69bc6e9a4018f5243a9	projects/SP-007-DOC-2-033/deliverables/results/shuffled_label_control.json	SP-007-DOC-2-033/deliverables/results/shuffled_label_control.json
51e0fa45824ff454ca585ce6b380301c28bc40c4a6a8f956d6a7b7dbbf97e5e6	projects/SP-007-DOC-2-033/deliverables/results/supported_final.json	SP-007-DOC-2-033/deliverables/results/supported_final.json
99c1893acf5b2e2cbca3e4f8402468e12a2d2495fd783f3811d1b994d5c86f94	projects/SP-007-DOC-2-033/deliverables/results/tau.json	SP-007-DOC-2-033/deliverables/results/tau.json
1ce8ff5ad28ab6c8eda706496b9f72c4e8d13677a7bd3964a57fa6898dd1aa75	projects/SP-007-DOC-2-033/deliverables/results/tau_matched.json	SP-007-DOC-2-033/deliverables/results/tau_matched.json
