package_path	source_path	sha256	status
frozen/PROJECT_README.md	projects/SP-007-DOC-2-033/README.md	f33b55a9ff43f46fa602f8ab7cdb132302ef0a527f1c21830c5f4ca663574e9a	MATCH
frozen/deliverables/code/r1_accumulate.py	projects/SP-007-DOC-2-033/deliverables/code/r1_accumulate.py	a3d40ee5e11125c03c2b06dc2f1bc5ab7c475d7a7e3267ee32e29488515ce7c3	MATCH
frozen/deliverables/code/r1_construct_pass.py	projects/SP-007-DOC-2-033/deliverables/code/r1_construct_pass.py	6b92bd669df12fc0894fe29fe543a0a55324e2cc1bcde7b324c4ad93859bd4df	MATCH
frozen/deliverables/code/r1_controls.py	projects/SP-007-DOC-2-033/deliverables/code/r1_controls.py	b53781a873c8e2b286ef47130ce06b5fcc1214fc79a765ac573e0f8377247b3f	MATCH
frozen/deliverables/code/r1_freeze.py	projects/SP-007-DOC-2-033/deliverables/code/r1_freeze.py	890f08c7dba644f5b1be65039578bc3666c1b4193e2af464ac6dc7fcbae30e4a	MATCH
frozen/deliverables/code/r1_matched_pseudo_pass.py	projects/SP-007-DOC-2-033/deliverables/code/r1_matched_pseudo_pass.py	4978462b01c17decbcc2d09e0badfc1ed8e198f3180b4678ad896a29c604c552	MATCH
frozen/deliverables/code/r1_scores.py	projects/SP-007-DOC-2-033/deliverables/code/r1_scores.py	11d11cfab4b938543e5eec917386e3febf8fc65f326e635f32a93c3c06026200	MATCH
frozen/deliverables/code/r1_scores2.py	projects/SP-007-DOC-2-033/deliverables/code/r1_scores2.py	244f91e18a3a130143f3510c0e00bf8e6586f5246db5c64710733fa9ec49a669	MATCH
frozen/deliverables/code/r1_shuffled_pass.py	projects/SP-007-DOC-2-033/deliverables/code/r1_shuffled_pass.py	a296be3e3fd893b2a52708da7ff10f964ec86d5a2c696e3bf795b383640dea9a	MATCH
frozen/deliverables/code/r1_shuffled_scores.py	projects/SP-007-DOC-2-033/deliverables/code/r1_shuffled_scores.py	869c24afd341b42a658a150cec1fa3aeb69259d6e4db11d2e856490bf9409749	MATCH
frozen/deliverables/code/r1_state_ctl_pass.py	projects/SP-007-DOC-2-033/deliverables/code/r1_state_ctl_pass.py	c8fa66bc8d55e5605bc983f3cb72c371c8981dc7edf3f7405cd8a33b9683bbfc	MATCH
frozen/deliverables/code/r2_rpe1_accumulate.py	projects/SP-007-DOC-2-033/deliverables/code/r2_rpe1_accumulate.py	7ec0fc055b83535c73b341ca17a76408d79c6fb7ff1f61925cbace9519bdde9f	MATCH
frozen/deliverables/data_manifest/h5ad_md5_manifest.txt	projects/SP-007-DOC-2-033/deliverables/data_manifest/h5ad_md5_manifest.txt	30230ae7289e861a03c704049de182c522b5db2f5103f73ef8be1ef35e2ee235	MATCH
frozen/deliverables/data_manifest/lincs_sha256_manifest.txt	projects/SP-007-DOC-2-033/deliverables/data_manifest/lincs_sha256_manifest.txt	321ef61892c34cc0f0c5cd08d346cfd6d791e7f2f72e52d91eff9aba233b5af7	MATCH
frozen/deliverables/protocol/environment_ledger.json	projects/SP-007-DOC-2-033/deliverables/protocol/environment_ledger.json	8b9a148a516675082cf9bba876f26f8cfe9bb258db49e8f63213133e30fcb1c9	MATCH
frozen/deliverables/protocol/protocol_r0.json	projects/SP-007-DOC-2-033/deliverables/protocol/protocol_r0.json	f4950b94c2056be69f09016e273b1e7327ed08a9a1d9a9b06ccc42f44b29caba	MATCH
frozen/deliverables/protocol/protocol_r0.lock	projects/SP-007-DOC-2-033/deliverables/protocol/protocol_r0.lock	f4a0cc0db1c721241b12d2d51baf9e287c493897b5e63a5c79ba357625b0cca5	MATCH
frozen/deliverables/protocol/protocol_r1.json	projects/SP-007-DOC-2-033/deliverables/protocol/protocol_r1.json	7836cb204b997335c2abfbdacf07b6ef865e6500256b52ad91b91766218a85dc	MATCH
frozen/deliverables/protocol/protocol_r1.lock	projects/SP-007-DOC-2-033/deliverables/protocol/protocol_r1.lock	13d14d8616c379038db20228113642b9f69a69f4ed1693457502c3b042dabf51	MATCH
frozen/deliverables/protocol/protocol_r2.json	projects/SP-007-DOC-2-033/deliverables/protocol/protocol_r2.json	f2231e39380484637366f06c392ba7a71189c859df6eb768bbf534b4ff869256	MATCH
frozen/deliverables/protocol/protocol_r2.lock	projects/SP-007-DOC-2-033/deliverables/protocol/protocol_r2.lock	1b910bd253c5fcd763266194f7d8c231e68ef35f270f57ff3ed6d8664e8be5ac	MATCH
frozen/deliverables/protocol/provenance_ledger.json	projects/SP-007-DOC-2-033/deliverables/protocol/provenance_ledger.json	40e076cbbaba439fc5a27f0fe063a3f0e9d2095d0b3b49ce47cc7de17ac737b9	MATCH
frozen/deliverables/report/r0_report.md	projects/SP-007-DOC-2-033/deliverables/report/r0_report.md	19c19dfd234811dd8664d8d8b87322bcd5e438270d0d8ffeb371e4404aa16c57	MATCH
frozen/deliverables/report/r1_report.md	projects/SP-007-DOC-2-033/deliverables/report/r1_report.md	204cd1f215897223b2d95084553c51ed25acd25850116926d34ab963cc12ba41	MATCH
frozen/deliverables/report/r2_report.md	projects/SP-007-DOC-2-033/deliverables/report/r2_report.md	e50595a93e1c15194797bf8c7db9c0a3ed1057647c02bc6a3c67a30c5c4087e1	MATCH
frozen/deliverables/results/atlas_score_summary.json	projects/SP-007-DOC-2-033/deliverables/results/atlas_score_summary.json	cc6928a27f26f20836413c12886ef25ec9db508d2f1627aef2547ee060ae5df5	MATCH
frozen/deliverables/results/cards_association_only.tsv	projects/SP-007-DOC-2-033/deliverables/results/cards_association_only.tsv	b345e67dbf4563b0682a1cf03517734708d8906492cbd4160db44e736a8de298	MATCH
frozen/deliverables/results/cards_perturbation_supported.tsv	projects/SP-007-DOC-2-033/deliverables/results/cards_perturbation_supported.tsv	c3dbdbfe063a1f6eafd0dbc6dbe2690016e0f0e1c3831742bc5cec9eab7b1166	MATCH
frozen/deliverables/results/cards_reference_discordant.tsv	projects/SP-007-DOC-2-033/deliverables/results/cards_reference_discordant.tsv	19a71d82a0a551b571554aa3c80f625f10e32380b6f71ec6306dbe70af64fed4	MATCH
frozen/deliverables/results/controls_battery.json	projects/SP-007-DOC-2-033/deliverables/results/controls_battery.json	9342f9162850286b1bc15935a8d699bcda73939eb6bfaf1440abbf912c7c5e9c	MATCH
frozen/deliverables/results/e_star_audit_universe.json	projects/SP-007-DOC-2-033/deliverables/results/e_star_audit_universe.json	3caf6fe75e8b47e879ecc0cd8b90e6782fdcab724d62063e5970d91794cc4960	MATCH
frozen/deliverables/results/g2_overlap.json	projects/SP-007-DOC-2-033/deliverables/results/g2_overlap.json	788474c79db4d807d8c4098611771f9e206c785395869af14eb2a3169a2b21fd	MATCH
frozen/deliverables/results/gate_evaluation_r0.json	projects/SP-007-DOC-2-033/deliverables/results/gate_evaluation_r0.json	8429cae00c3d5fd55d924cfb729f8f2cee153de5888c57f0f1a11967427bdbb2	MATCH
frozen/deliverables/results/gate_evaluation_r1.json	projects/SP-007-DOC-2-033/deliverables/results/gate_evaluation_r1.json	e8a7d5461a3017184b2c67a073b3bbdb3cebaed513d623c915435726c21201ad	MATCH
frozen/deliverables/results/gene_names.txt	projects/SP-007-DOC-2-033/deliverables/results/gene_names.txt	090e8a7399c9a400518b5fb39c233c7e3b315b15a9787aaf16a79e1d4ee53010	MATCH
frozen/deliverables/results/primary_measured_targets.json	projects/SP-007-DOC-2-033/deliverables/results/primary_measured_targets.json	3bee9f12599f6ff97fefb386a86a2540c35e0538566fbfd8771413b1e1864834	MATCH
frozen/deliverables/results/primary_structure_probe.json	projects/SP-007-DOC-2-033/deliverables/results/primary_structure_probe.json	a75a93202cece34d32c88eb93b636148966c74a75f01922bf782b62b9850dd13	MATCH
frozen/deliverables/results/r1_freeze_manifest.json	projects/SP-007-DOC-2-033/deliverables/results/r1_freeze_manifest.json	62e654ab1a4ee3bb22de9fdd5bd33eca91263ff613a9dc7e565adb664f662049	MATCH
frozen/deliverables/results/r2_rpe1_freeze_manifest.json	projects/SP-007-DOC-2-033/deliverables/results/r2_rpe1_freeze_manifest.json	041c9aa00e0ecdcda8fe8ca559f816d643bad8cdfcb8c9bbee41397e2b5f7020	MATCH
frozen/deliverables/results/r2_shared_overlap_freeze.json	projects/SP-007-DOC-2-033/deliverables/results/r2_shared_overlap_freeze.json	33048281cbf6034c6bfda04aac03c9b19e266f36efaea346fcfccd19e4fbaee7	MATCH
frozen/deliverables/results/r2_transport_evaluation.json	projects/SP-007-DOC-2-033/deliverables/results/r2_transport_evaluation.json	971c8dfa786685e1cf0607fc92426341b41ccef48453d10fb3ff2bfcb595c1ff	MATCH
frozen/deliverables/results/reference_audit.json	projects/SP-007-DOC-2-033/deliverables/results/reference_audit.json	04a04a190e5439c22113ceadcbcf90a983cdb8c4c622e3593f7dcd8d620d9a51	MATCH
frozen/deliverables/results/review_queue_summary.json	projects/SP-007-DOC-2-033/deliverables/results/review_queue_summary.json	ddd766d9377b6bc9b9d834afbfc7f0fb9774cbf6392f24943b2ef4e926fa6258	MATCH
frozen/deliverables/results/rpe1_tau.json	projects/SP-007-DOC-2-033/deliverables/results/rpe1_tau.json	1a8dfb330a927bc6bf543e1464f7caf19d2210a13386c4610ddfef361092382b	MATCH
frozen/deliverables/results/shuffled_label_control.json	projects/SP-007-DOC-2-033/deliverables/results/shuffled_label_control.json	383caa45fc2a81c62b1cac196584d139962712873bc0d69bc6e9a4018f5243a9	MATCH
frozen/deliverables/results/supported_final.json	projects/SP-007-DOC-2-033/deliverables/results/supported_final.json	51e0fa45824ff454ca585ce6b380301c28bc40c4a6a8f956d6a7b7dbbf97e5e6	MATCH
frozen/deliverables/results/tau.json	projects/SP-007-DOC-2-033/deliverables/results/tau.json	99c1893acf5b2e2cbca3e4f8402468e12a2d2495fd783f3811d1b994d5c86f94	MATCH
frozen/deliverables/results/tau_matched.json	projects/SP-007-DOC-2-033/deliverables/results/tau_matched.json	1ce8ff5ad28ab6c8eda706496b9f72c4e8d13677a7bd3964a57fa6898dd1aa75	MATCH
