target	gene	class	assoc_r	score	null_z
ABCF1	ABCF1	association-only	1.0	-0.8515	-9.03
AP2M1	AP2M1	association-only	1.0	-0.7914	-8.09
ARPC2	ARPC2	association-only	1.0	-1.4199	-17.61
ARPC3	ARPC3	association-only	1.0	-0.4875	-7.67
BCAR1	BCAR1	association-only	1.0	-0.7452	-2.62
BCL2L1	BCL2L1	association-only	1.0	-0.7384	-5.48
BOP1	BOP1	association-only	1.0	-0.3344	-3.45
C1orf109	C1orf109	association-only	1.0	-0.5188	-3.47
CCDC130	CCDC130	association-only	1.0	-0.8273	-3.21
CCNK	CCNK	association-only	1.0	-0.2307	-1.29
CENPA	CENPA	association-only	1.0	-0.6782	-2.79
CFDP1	CFDP1	association-only	1.0	-1.0958	-10.2
CKAP5	CKAP5	association-only	1.0	-1.0714	-9.09
COPG1	COPG1	association-only	1.0	-0.5	-3.34
COPZ1	COPZ1	association-only	1.0	-0.4501	-4.79
DDB1	DDB1	association-only	1.0	-0.7796	-12.49
DDX19B	DDX19B	association-only	1.0	-0.9579	-3.79
DDX46	DDX46	association-only	1.0	-1.4222	-21.31
DDX54	DDX54	association-only	1.0	-1.569	-11.5
DHODH	DHODH	association-only	1.0	-1.4595	-4.43
DNAJA1	DNAJA1	association-only	1.0	-1.5369	-25.78
EEF2	EEF2	association-only	1.0	-1.0605	-22.4
EGLN2	EGLN2	association-only	1.0	-0.8496	-6.2
EIF5	EIF5	association-only	1.0	-1.1806	-13.29
EMC3	EMC3	association-only	1.0	-1.5236	-13.08
GAPDH	GAPDH	association-only	1.0	-1.2333	-45.02
GON4L	GON4L	association-only	1.0	-0.9061	-7.3
HIRA	HIRA	association-only	1.0	-0.9616	-7.53
HMGB1	HMGB1	association-only	1.0	-0.1647	-4.39
HNRNPL	HNRNPL	association-only	1.0	-1.4009	-11.97
HNRNPM	HNRNPM	association-only	1.0	-0.8034	-14.12
IK	IK	association-only	1.0	-0.6318	-6.89
KAT8	KAT8	association-only	1.0	-1.6033	-8.82
MFN2	MFN2	association-only	1.0	-0.2833	-1.71
NCL	NCL	association-only	1.0	-0.7715	-16.4
NDUFS5	NDUFS5	association-only	1.0	-1.0922	-27.47
NXF1	NXF1	association-only	1.0	-0.0769	-0.14
PCBP2	PCBP2	association-only	1.0	-0.8322	-15.59
PCID2	PCID2	association-only	1.0	-1.0278	-7.96
PELO	PELO	association-only	1.0	-0.6713	-3.43
PHAX	PHAX	association-only	1.0	-0.85	-4.77
PKM	PKM	association-only	1.0	-0.5973	-8.62
PMPCB	PMPCB	association-only	1.0	-1.7356	-16.16
PNISR	PNISR	association-only	1.0	-1.0005	-11.72
POLR1C	POLR1C	association-only	1.0	-1.6931	-9.98
POLR2D	POLR2D	association-only	1.0	-0.4363	-3.23
POLR2E	POLR2E	association-only	1.0	-0.7302	-7.88
PPP1CA	PPP1CA	association-only	1.0	-0.3708	-7.23
PPP2R1A	PPP2R1A	association-only	1.0	-0.9701	-7.47
PRKRIP1	PRKRIP1	association-only	1.0	-0.0075	-0.31
PSMG3	PSMG3	association-only	1.0	-1.8856	-18.43
PTCD1	PTCD1	association-only	1.0	-0.9655	-4.17
RBM4	RBM4	association-only	1.0	-0.7616	-7.25
RCC1	RCC1	association-only	1.0	-1.0772	-6.41
RPS29	RPS29	association-only	1.0	-0.7887	-19.94
RPS3	RPS3	association-only	1.0	-2.6147	-93.45
RSL1D1	RSL1D1	association-only	1.0	-1.1416	-19.93
SEC61A1	SEC61A1	association-only	1.0	-1.013	-7.83
SF3A2	SF3A2	association-only	1.0	-1.1121	-9.01
SIN3A	SIN3A	association-only	1.0	-0.3169	-1.77
SLC1A5	SLC1A5	association-only	1.0	-1.8374	-17.97
SMARCB1	SMARCB1	association-only	1.0	-0.916	-7.56
SMC4	SMC4	association-only	1.0	-1.5055	-18.4
SNW1	SNW1	association-only	1.0	-0.4791	-4.15
SNX15	SNX15	association-only	1.0	-0.4413	-1.69
SON	SON	association-only	1.0	-0.8525	-11.21
SRSF11	SRSF11	association-only	1.0	-0.4879	-6.4
SRSF6	SRSF6	association-only	1.0	-2.4475	-14.79
TACC3	TACC3	association-only	1.0	-0.7192	-5.16
TAF1D	TAF1D	association-only	1.0	-1.8061	-19.93
TKT	TKT	association-only	1.0	-0.7813	-12.79
TSR1	TSR1	association-only	1.0	-1.1378	-11.84
TUBB	TUBB	association-only	1.0	-1.4411	-25.69
TUT1	TUT1	association-only	1.0	-0.5441	-2.3
UBA1	UBA1	association-only	1.0	-1.9256	-10.87
UNC45A	UNC45A	association-only	1.0	-0.4559	-2.6
UQCRC1	UQCRC1	association-only	1.0	-0.5844	-7.02
USP39	USP39	association-only	1.0	-1.2752	-9.09
USP5	USP5	association-only	1.0	-1.2151	-5.81
VPS41	VPS41	association-only	1.0	-1.8267	-13.98
WDR74	WDR74	association-only	1.0	-0.576	-4.24
ZNF207	ZNF207	association-only	1.0	-0.667	-10.7
ZNF574	ZNF574	association-only	1.0	-0.2217	-0.94
RPL13A	RPS11	association-only	0.895	-0.0549	-1.91
RPS3	RPS9	association-only	0.871	-0.6302	-21.95
RPS3	RPL7A	association-only	0.869	-0.4122	-13.18
RPS3	RPS8	association-only	0.868	-0.4026	-14.66
RPL13A	EEF1A1	association-only	0.866	-0.0768	-2.68
RPS3	RPL23	association-only	0.86	-0.5272	-10.44
RPL13A	RPS3	association-only	0.853	-0.0684	-2.63
RPS3	RPL13A	association-only	0.853	-0.521	-13.16
RPL13A	RPS8	association-only	0.85	0.0582	1.99
RPL13A	RPL27A	association-only	0.85	-0.0349	-0.7
RPS3	RPL3	association-only	0.85	-0.6081	-17.92
RPL13A	RPL18A	association-only	0.845	-0.0022	-0.17
RPL13A	RPL23	association-only	0.842	-0.0109	-0.3
RPL13A	RPS9	association-only	0.842	-0.1181	-4.13
RPL13A	RPL3	association-only	0.838	-0.213	-6.28
RPL13A	RPL10	association-only	0.837	-0.0001	-0.08
RPL13A	RPL7A	association-only	0.834	-0.0373	-1.45
RPS3	RPS11	association-only	0.829	-0.5398	-18.67
RPL13A	RPL17	association-only	0.826	-0.0471	-1.42
RPS3	SNHG5	association-only	0.823	-1.0139	-18.9
RPL13A	RPL15	association-only	0.822	-0.0544	-1.57
RPL13A	SNHG5	association-only	0.822	-0.1514	-2.82
RPS3	RPL7	association-only	0.821	-0.3905	-12.18
RPL13A	RPS16	association-only	0.82	0.0401	1.1
RPL13A	RPS4X	association-only	0.816	0.0152	0.27
RPS3	RPL27A	association-only	0.815	-0.5743	-13.7
RPS3	RPL15	association-only	0.814	-0.4044	-10.29
RPL13A	RPL7	association-only	0.812	0.0804	2.42
NCL	HSPD1	association-only	0.81	-0.0418	-1.0
RPL13A	RPL13	association-only	0.81	-0.0423	-1.2
RPS3	RPS24	association-only	0.81	-0.5371	-14.72
RPS3	RPL39	association-only	0.807	-0.6554	-24.51
RPL13A	RPS27	association-only	0.804	0.0177	0.41
RPL13A	RPS23	association-only	0.804	0.0454	1.45
RPL13A	RPL5	association-only	0.803	-0.0328	-1.03
RPL13A	RPL18	association-only	0.802	0.0509	1.86
RPL13A	RPL4	association-only	0.793	-0.0883	-2.62
RPL13A	RPS3A	association-only	0.791	0.0514	1.74
RPS3	SLC25A6	association-only	0.791	-0.741	-11.23
RPL13A	RPL34	association-only	0.79	0.0524	1.17
RPL13A	RPS15A	association-only	0.789	0.065	2.1
RPL13A	RPL37A	association-only	0.788	0.06	1.88
RPL13A	SLC25A6	association-only	0.785	-0.2134	-3.17
RPL13A	RPL37	association-only	0.783	0.0583	2.0
RPL13A	RPL19	association-only	0.782	0.0201	0.71
RPS3	RPS3A	association-only	0.782	-0.4134	-12.92
RPL13A	RPS14	association-only	0.776	0.0176	0.47
RPL13A	RPS24	association-only	0.776	-0.0495	-1.29
RPL13A	RPS19	association-only	0.771	0.0286	1.02
RPS3	RPL32	association-only	0.77	-0.3445	-8.0
RPS3	RPS16	association-only	0.77	-0.4268	-15.35
RPL13A	RPL9	association-only	0.766	0.0179	0.46
RPS3	RPS13	association-only	0.766	-0.479	-28.73
EEF2	SNHG5	association-only	0.765	-0.3716	-6.92
NCL	HSPE1	association-only	0.764	0.0319	0.51
RPL13A	RPS6	association-only	0.763	-0.0664	-1.82
RPS3	RPS14	association-only	0.763	-0.3091	-8.72
NCL	LDHA	association-only	0.761	0.0216	0.21
RPL13A	TPT1	association-only	0.76	-0.0068	-0.28
RPS3	RPL37	association-only	0.759	-0.5207	-18.31
RPL13A	RPS28	association-only	0.757	-0.0438	-1.47
NCL	RANBP1	association-only	0.756	0.0095	0.17
RPS29	RPS8	association-only	0.756	-0.22	-8.06
RPS3	RPL19	association-only	0.756	-0.3133	-13.82
EEF2	RPS9	association-only	0.754	-0.0551	-1.94
NCL	C1QBP	association-only	0.754	0.0088	0.25
RPL13A	RPL32	association-only	0.751	0.0094	0.24
RPL13A	RPL14	association-only	0.751	-0.0474	-1.49
RPL13A	RPS13	association-only	0.75	-0.0168	-0.99
EEF2	RPL3	association-only	0.749	-0.1434	-4.23
RPS3	RPL18	association-only	0.749	-0.2779	-10.29
RPL13A	EEF1G	association-only	0.748	-0.0269	-0.86
RPL13A	RPL23A	association-only	0.747	0.0216	0.59
RPL13A	RPL26	association-only	0.746	0.0037	0.21
NCL	NME1	association-only	0.745	0.0368	0.86
EEF2	RPS3	association-only	0.743	-0.2704	-9.83
RPL13A	RPL35A	association-only	0.742	-0.0013	-0.02
RPS3	RPS6	association-only	0.742	-0.2261	-5.98
RPS29	RPS27	association-only	0.74	-0.2781	-8.38
RPS3	RPL9	association-only	0.739	-0.2176	-6.52
RPS3	RPL10A	association-only	0.738	-0.1627	-6.04
RPS3	RPL4	association-only	0.738	-0.2578	-7.89
RPS29	RPS28	association-only	0.737	-0.2504	-7.96
RPS3	RPS19	association-only	0.737	-0.4138	-16.68
RPL13A	RPL39	association-only	0.736	-0.0029	-0.24
RPS29	RPS11	association-only	0.736	-0.248	-8.58
RPS3	RPL29	association-only	0.736	-0.4212	-11.01
EEF2	RPL10	association-only	0.735	-0.2194	-5.14
RPS3	EEF1G	association-only	0.733	-0.4327	-12.76
RPS3	RPL23A	association-only	0.733	-0.452	-14.59
RPL13A	EIF3F	association-only	0.73	-0.0624	-0.62
RPL13A	RPS25	association-only	0.73	-0.0701	-2.21
RPS29	RPS3	association-only	0.73	-0.3104	-11.26
NCL	FKBP4	association-only	0.727	-0.0746	-0.65
EEF2	RPL7A	association-only	0.724	-0.0532	-1.95
EEF2	RPL23	association-only	0.724	-0.2036	-4.09
NCL	HNRNPA2B1	association-only	0.723	-0.0181	-0.19
NCL	RAN	association-only	0.721	0.0337	0.62
RPL13A	RPL28	association-only	0.721	0.0367	1.31
RPS29	RPS13	association-only	0.721	-0.2147	-12.86
RPS29	SNHG5	association-only	0.72	-0.4623	-8.61
RPL13A	RPL10A	association-only	0.717	-0.1194	-4.42
RPS3	RPL26	association-only	0.716	-0.3607	-11.32
RPS29	RPS16	association-only	0.715	-0.2564	-9.35
NCL	VDAC1	association-only	0.713	0.0679	1.04
RPS3	EIF3F	association-only	0.713	-0.4926	-5.86
RPL13A	RPS18	association-only	0.711	0.0205	0.61
RPS29	RPL23	association-only	0.71	-0.2336	-4.67
RPL13A	EIF4B	association-only	0.708	-0.0969	-1.43
RPL13A	RPL36A	association-only	0.708	-0.0179	-0.55
RPS29	RPS23	association-only	0.708	-0.2025	-6.59
RPS29	RPL18A	association-only	0.708	-0.1906	-6.28
NCL	PTMA	association-only	0.707	-0.0609	-1.7
NCL	EIF5A	association-only	0.707	-0.0242	-0.58
RPL13A	RPL29	association-only	0.707	-0.0149	-0.34
RPL13A	EIF3L	association-only	0.707	-0.184	-2.19
BOP1	SRM	association-only	0.703	0.0107	0.19
HMGB1	HSPE1	association-only	0.703	0.003	-0.13
RPS29	RPL27A	association-only	0.703	-0.2698	-6.36
RPS3	EEF1B2	association-only	0.703	-0.4569	-11.75
EEF2	EEF1A1	association-only	0.702	-0.1574	-5.64
NCL	SERBP1	association-only	0.702	0.0393	1.26
HMGB1	PTMA	association-only	0.7	-0.0293	-0.87
EIF5	MED10	association-only	0.699	0.1716	1.41
EIF5	SNHG7	association-only	0.699	-0.009	-0.03
RPS29	RPL34	association-only	0.699	-0.207	-4.78
NCL	NPM1	association-only	0.697	-0.0105	-0.27
RPS29	RPS15A	association-only	0.697	-0.2203	-6.92
RPS3	RPL28	association-only	0.697	-0.3137	-9.99
EEF2	SLC25A6	association-only	0.696	-0.3895	-5.86
NCL	ATP5MC3	association-only	0.695	0.0466	0.98
NCL	STIP1	association-only	0.695	0.0503	0.96
RPS3	TPT1	association-only	0.695	-0.6092	-20.31
EEF2	RPSA	association-only	0.694	-0.1723	-5.6
RSL1D1	YRDC	association-only	0.693	0.0856	1.05
EIF5	C8orf33	association-only	0.692	0.0954	0.85
RPL13A	SNHG29	association-only	0.692	-0.1212	-2.69
RPL13A	RPS29	association-only	0.691	0.0219	0.56
RPS29	RPL13A	association-only	0.691	-0.2452	-6.21
RPS3	RPSA	association-only	0.691	-0.3523	-11.57
EEF2	RPL13A	association-only	0.69	-0.2129	-5.4
RPL13A	EEF2	association-only	0.69	-0.045	-0.85
RPS29	RPL37	association-only	0.689	-0.257	-9.06
RPS29	RPS21	association-only	0.689	-0.2142	-5.64
RPS29	RPL7A	association-only	0.688	-0.2248	-7.32
NCL	EIF1AX	association-only	0.687	0.0056	0.22
RPS29	RPS9	association-only	0.687	-0.2999	-10.46
RPS29	RPL10	association-only	0.687	-0.2424	-5.67
RPS3	SNHG29	association-only	0.687	-0.3316	-7.34
EEF2	RPL17	association-only	0.686	-0.1156	-3.59
NCL	ENO1	association-only	0.686	0.0165	0.56
EEF2	RPL27A	association-only	0.685	-0.1445	-3.35
NCL	NOLC1	association-only	0.684	-0.0502	-0.45
BOP1	TRAP1	association-only	0.683	0.0811	1.15
RPS29	RPL19	association-only	0.683	-0.168	-7.49
EEF2	RPL14	association-only	0.682	-0.107	-3.21
RPS29	RPS19	association-only	0.682	-0.2238	-9.08
RPS29	RPL39	association-only	0.681	-0.3074	-11.57
EEF2	RPS28	association-only	0.68	-0.0507	-1.68
RPL13A	RPL6	association-only	0.68	-0.042	-1.19
RPS29	RPLP1	association-only	0.68	-0.2198	-7.81
RPS3	HNRNPA1	association-only	0.68	-0.5438	-17.71
RSL1D1	BRIX1	association-only	0.678	0.2408	3.03
RPS3	RPL11	association-only	0.677	-0.2247	-7.71
EEF2	SEPTIN7	association-only	-0.676	0.1176	1.65
NCL	GCSH	association-only	0.676	0.0544	1.06
RPL13A	RPS5	association-only	0.676	0.0555	1.2
HMGB1	RAN	association-only	0.674	-0.017	-0.52
NCL	HNRNPAB	association-only	0.673	-0.05	-0.68
RPS3	RPLP1	association-only	0.673	-0.3926	-13.98
NCL	NME2	association-only	0.672	0.0033	0.09
NCL	SYNCRIP	association-only	0.671	-0.0586	-0.75
NCL	PTGES3	association-only	0.67	-0.0155	-0.38
RPL13A	RPLP1	association-only	0.669	0.0585	2.14
RPS29	RPS24	association-only	0.669	-0.2732	-7.45
BOP1	MRPL12	association-only	0.668	0.0433	0.72
HNRNPM	HNRNPA2B1	association-only	0.668	0.0148	0.53
NCL	EIF3B	association-only	0.667	0.0834	1.44
NCL	SRSF2	association-only	0.667	0.0262	0.41
RPL13A	RACK1	association-only	0.667	-0.0041	-0.12
RPS29	RPS14	association-only	0.667	-0.1668	-4.71
RPS3	RPL36A	association-only	0.667	-0.2761	-6.77
BOP1	SRPK1	association-only	0.666	0.1674	2.26
RPS29	RPLP2	association-only	0.666	-0.1743	-5.2
RPS29	EEF1A1	association-only	0.665	-0.2966	-10.74
NCL	CCT6A	association-only	0.664	0.0191	0.58
RPL13A	RPL30	association-only	0.664	0.0575	1.74
EEF2	HNRNPA1	association-only	0.663	-0.0977	-3.07
HMGB1	HNRNPA2B1	association-only	0.663	-0.0624	-1.16
EEF2	RPS8	association-only	0.662	-0.0911	-3.41
RPS29	RPL32	association-only	0.662	-0.1673	-3.88
SNW1	MRPS10	association-only	0.661	-0.0501	-0.77
BOP1	PA2G4	association-only	0.66	0.0135	0.65
EEF2	RPL18A	association-only	0.66	-0.0125	-0.5
NCL	CACYBP	association-only	0.66	0.0204	0.25
RSL1D1	WDR43	association-only	0.66	0.2076	1.98
NCL	MIF	association-only	0.658	0.0617	1.79
SLC1A5	SLC7A5	association-only	0.658	0.0308	0.11
NCL	PAICS	association-only	0.657	0.0853	1.42
NCL	DDX21	association-only	0.657	0.0092	0.29
NCL	LDHB	association-only	0.657	0.0227	0.35
RPS29	RPS25	association-only	0.657	-0.2106	-6.67
RPS29	RPL23A	association-only	0.657	-0.211	-6.87
EEF2	RPS25	association-only	0.656	0.0483	1.56
KRT8	SH3BGRL3	association-only	0.656	-0.143	-0.82
BOP1	NOP56	association-only	0.655	0.1033	1.9
RPS29	RPS4X	association-only	0.655	-0.229	-7.17
BOP1	PRMT1	association-only	0.654	0.0017	0.03
HMGB1	RANBP1	association-only	0.654	0.0114	0.23
BOP1	CD320	association-only	0.653	0.0177	0.27
EEF2	RACK1	association-only	0.653	-0.2156	-5.0
EEF2	EEF1G	association-only	0.653	-0.2086	-6.19
RPS3	RPS18	association-only	0.653	-0.1837	-7.9
NCL	ANP32B	association-only	0.652	0.012	0.36
RPL13A	EEF1B2	association-only	0.652	-0.0745	-2.06
NCL	YBX1	association-only	0.65	0.0189	0.53
EEF2	EIF4B	association-only	0.649	-0.09	-1.31
NCL	NOP16	association-only	0.649	0.0342	0.45
NCL	PA2G4	association-only	0.647	0.0442	1.4
RPS29	RPL7	association-only	0.647	-0.2012	-6.31
EIF5	KCMF1	association-only	0.646	0.1687	1.52
RPS29	RPL14	association-only	0.646	-0.1703	-5.03
NCL	PHB	association-only	0.645	0.0672	0.75
RPL13A	RPL11	association-only	0.645	0.0579	1.69
RPS29	RPL13	association-only	0.645	-0.249	-6.87
RSL1D1	LYAR	association-only	0.645	0.2602	2.33
NCL	SRSF7	association-only	0.644	-0.0381	-0.77
NCL	PEBP1	association-only	0.644	-0.0177	-0.37
RSL1D1	TOMM40	association-only	0.644	0.1395	2.03
NDUFS5	TOMM5	association-only	0.643	-0.1343	-1.92
RPL13A	ATP5IF1	association-only	-0.643	0.1907	2.6
SNW1	MRPL52	association-only	0.643	0.0931	1.2
EEF2	RPS4X	association-only	0.642	-0.3867	-11.96
GAPDH	LDHA	association-only	0.642	-0.043	-0.73
RPL13A	RPSA	association-only	0.642	-0.0654	-2.05
EIF5	NOL7	association-only	0.641	-0.0319	-0.33
EIF5	RP9	association-only	0.641	-0.3215	-1.83
NCL	MRTO4	association-only	0.641	-0.0714	-0.8
NCL	SET	association-only	0.641	0.0796	2.01
RPS29	RPS3A	association-only	0.641	-0.1714	-5.29
RPS29	RPS6	association-only	0.641	-0.1436	-3.83
SLC1A5	PSAT1	association-only	0.641	0.0116	0.21
BOP1	PAICS	association-only	0.64	-0.0055	0.02
HMGB1	NCL	association-only	0.64	-0.0383	-0.7
KRT8	KRT18	association-only	0.64	-1.1856	-12.55
NCL	HMGB1	association-only	0.64	-0.0087	-0.24
EEF2	EEF1B2	association-only	0.639	-0.2076	-5.43
EEF2	SNAP29	association-only	-0.639	0.1152	1.08
NCL	NOP56	association-only	0.639	-0.0321	-0.38
SNW1	MRPS18C	association-only	0.639	-0.0555	-0.68
TUBB	BTG1	association-only	-0.639	0.3935	3.64
BOP1	ATAD3A	association-only	0.638	0.2109	1.68
LST1	AIF1	association-only	0.638	0.079	0.4
RPS3	RPS5	association-only	0.637	-0.1328	-3.67
EIF5	PITHD1	association-only	0.636	0.0814	0.81
EIF5	MRPS10	association-only	0.636	0.0589	0.46
RPS29	RPS12	association-only	0.636	-0.1607	-5.6
RPS29	HNRNPA1	association-only	0.636	-0.2152	-6.93
RPS3	RACK1	association-only	0.636	-0.1061	-2.47
EIF5	ZFAND2A	association-only	0.635	0.1662	0.67
NCL	TSR1	association-only	0.635	-0.022	-0.08
RPS29	RPL37A	association-only	0.635	-0.1841	-6.39
TSR1	NCL	association-only	0.635	0.0214	0.58
KRT8	TIMP1	association-only	0.634	-0.1256	-0.85
HMGB1	HSPD1	association-only	0.633	-0.0142	-0.34
RPS29	RPL17	association-only	0.632	-0.277	-8.68
RPS3	ATP5IF1	association-only	-0.632	0.6308	8.78
SNW1	DPF2	association-only	0.632	0.1481	1.29
TSR1	SRM	association-only	0.632	0.2658	3.47
UBA52	RPLP1	association-only	0.632	0.0188	0.72
BOP1	NDUFV1	association-only	0.631	0.0708	1.14
NCL	PSAP	association-only	-0.631	-0.0556	-0.39
RPS29	RPL5	association-only	0.631	-0.1948	-5.6
EEF2	RPL4	association-only	0.63	-0.0491	-1.4
SLC1A5	MTHFD2	association-only	0.63	-0.0381	-0.38
UBA52	RPS11	association-only	0.63	0.0015	0.04
UBA52	RPS5	association-only	0.63	0.0616	1.36
BOP1	IPO4	association-only	0.629	0.0341	0.29
EEF2	RPL34	association-only	0.629	0.0188	0.4
EEF2	GGNBP2	association-only	-0.629	0.1484	1.42
UBA52	RPS19	association-only	0.629	0.0347	1.26
BOP1	CTPS1	association-only	0.628	-0.0535	-0.61
EEF2	RPS11	association-only	0.628	-0.1717	-5.94
EEF2	RPL39	association-only	0.628	0.0066	0.11
TSR1	C1QBP	association-only	0.628	0.0364	0.98
NCL	IPO5	association-only	0.627	0.0197	0.26
BOP1	DIMT1	association-only	0.626	0.2164	1.8
EIF5	ACP1	association-only	0.625	-0.075	-0.93
NCL	ODC1	association-only	0.625	0.1248	1.93
NCL	PUS7	association-only	0.625	0.0092	0.13
SNW1	AUP1	association-only	0.625	-0.0711	-0.89
NCL	HNRNPU	association-only	0.624	0.0264	1.05
BOP1	VARS	association-only	0.623	0.0218	0.06
EIF5	ORMDL1	association-only	0.623	0.187	1.71
RPL13A	HNRNPA1	association-only	0.623	-0.0952	-2.99
UBA52	RPS16	association-only	0.623	-0.0096	-0.66
EIF5	SNHG17	association-only	0.622	-0.0408	-0.26
RSL1D1	GPATCH4	association-only	0.622	0.3213	4.06
SNW1	SNHG1	association-only	0.622	0.1164	0.91
TSR1	PA2G4	association-only	0.622	0.1178	3.21
UBA52	RPL18	association-only	0.622	0.0128	0.45
C1orf109	C8orf33	association-only	0.621	0.0565	0.5
EEF2	RPL32	association-only	0.621	-0.0086	-0.18
EEF2	EIF3L	association-only	0.621	-0.3134	-3.69
EIF5	FIP1L1	association-only	0.621	0.2371	2.23
RPS29	RPL30	association-only	0.621	-0.1599	-5.2
TSR1	NME1	association-only	0.621	0.0725	1.66
UBA52	RPS27	association-only	0.621	-0.0329	-1.09
UBA52	RPS23	association-only	0.621	0.0725	2.33
HNRNPM	NCL	association-only	0.62	-0.0691	-1.36
NCL	HNRNPM	association-only	0.62	0.0282	0.71
SLC1A5	SLC7A1	association-only	0.62	0.078	0.52
EEF2	MAPK1	association-only	-0.619	0.0037	0.21
HMGB1	EIF5A	association-only	0.619	-0.0704	-1.64
NCL	PRELID1	association-only	0.619	0.0375	0.85
NCL	CD3EAP	association-only	0.619	0.0379	0.26
RPL13A	RPLP2	association-only	0.618	0.0759	2.11
BOP1	CYC1	association-only	0.617	-0.0087	-0.16
NCL	TCP1	association-only	0.617	-0.0309	-0.45
SNW1	RNF114	association-only	0.617	0.0911	0.74
NCL	PPP1R14B	association-only	0.616	-0.0306	-0.71
RPS29	SLC25A6	association-only	0.616	-0.3424	-5.14
WDR74	GPATCH4	association-only	0.616	0.133	1.7
HMGB1	ANP32B	association-only	0.615	-0.0291	-0.55
NCL	HSPA8	association-only	0.615	-0.1174	-1.52
RPS29	RPS27A	association-only	0.615	-0.129	-4.42
RSL1D1	CCT2	association-only	0.615	0.1449	3.5
HMGB1	CACYBP	association-only	0.614	-0.0173	-0.28
HMGB1	PTGES3	association-only	0.614	-0.0158	-0.39
NCL	GART	association-only	0.614	-0.0476	-0.65
TSR1	LDHA	association-only	0.614	0.0011	-0.09
BOP1	NTHL1	association-only	0.613	0.1393	0.89
NCL	EIF4G1	association-only	0.613	-0.0975	-1.22
SLC1A5	PHGDH	association-only	0.613	0.0069	0.1
RPL13A	EIF3E	association-only	0.612	-0.0218	-0.34
TSR1	PAICS	association-only	0.612	0.0696	1.18
TSR1	SYNCRIP	association-only	0.612	0.0706	1.28
TSR1	NOP56	association-only	0.612	0.0522	1.04
TUBB	TXNIP	association-only	-0.612	0.3052	2.35
BOP1	GCSH	association-only	0.611	-0.091	-1.36
EIF5	IFRD1	association-only	0.611	0.1469	0.91
EIF5	ARPC5L	association-only	0.611	-0.0636	-0.78
NCL	SRM	association-only	0.611	0.0071	0.14
NCL	GNL3	association-only	0.611	0.0946	1.1
RPS29	RPL4	association-only	0.611	-0.1443	-4.36
TUBB	TUBA1C	association-only	0.611	0.0856	1.23
RPS3	CDC34	association-only	-0.61	0.8972	7.91
TSR1	CCT6A	association-only	0.61	0.0653	1.5
EEF2	RPS29	association-only	0.609	0.0606	1.53
EIF5	RPL3	association-only	-0.609	0.0167	0.49
NCL	HNRNPD	association-only	0.609	-0.0081	0.07
RPL13A	UBA52	association-only	0.609	0.02	0.63
RPS29	EEF2	association-only	0.609	-0.2251	-4.67
SNW1	C11orf58	association-only	0.609	0.0669	0.82
TUBB	AKIRIN1	association-only	-0.609	0.2456	2.37
UBA52	RPL13A	association-only	0.609	-0.0183	-0.5
BOP1	EBNA1BP2	association-only	0.608	-0.0789	-0.72
NCL	FABP5	association-only	0.608	-0.1108	-1.15
RPL13A	RPS12	association-only	0.608	0.0119	0.3
RPS3	SEPTIN7	association-only	-0.608	0.5467	7.37
RPS3	RPLP2	association-only	0.608	-0.3385	-9.99
UBA52	RPL28	association-only	0.608	-0.0136	-0.31
BOP1	RRP9	association-only	0.607	0.0207	0.03
BOP1	POLR3K	association-only	0.607	0.0012	0.01
BOP1	SLC38A5	association-only	0.607	0.1315	1.07
EEF2	RPL12	association-only	0.607	-0.0476	-1.17
EIF5	C1orf35	association-only	0.607	-0.1892	-1.38
HMGB1	LDHA	association-only	0.607	0.0122	0.07
NCL	DHX9	association-only	0.607	-0.0021	0.24
SNW1	NGDN	association-only	0.607	0.1991	1.37
EIF5	BRIX1	association-only	0.606	-0.1412	-1.73
EIF5	C11orf58	association-only	0.606	0.1502	1.71
EIF5	MRPL52	association-only	0.606	-0.0591	-1.15
NCL	HSP90AB1	association-only	0.606	-0.0761	-2.17
RCC1	FKBP4	association-only	0.606	0.1134	1.17
SNW1	MED10	association-only	0.606	0.0966	0.82
EEF2	RPL7	association-only	0.605	-0.0876	-2.79
EIF5	COPS5	association-only	0.605	0.021	0.15
EIF5	RNF114	association-only	0.605	-0.1143	-0.69
RPS3	CIZ1	association-only	-0.605	0.9755	8.08
RPS3	MAPK1	association-only	-0.605	0.5984	8.42
BOP1	PRKDC	association-only	0.604	0.0467	1.09
EIF5	AKIRIN1	association-only	0.604	-0.0341	-0.31
EIF5	UBE2D2	association-only	0.604	0.1212	1.5
KRT8	LGALS1	association-only	0.604	-0.1132	-0.65
NCL	POLR2H	association-only	0.604	-0.0599	-0.63
SNW1	ZFAND2A	association-only	0.604	0.1117	0.46
BOP1	FKBP4	association-only	0.603	-0.1234	-1.12
EIF5	RPS19BP1	association-only	0.603	0.0441	0.58
NCL	YPEL3	association-only	-0.603	-0.1426	-0.45
NCL	TOMM40	association-only	0.603	0.108	1.57
UQCRC1	NDUFV1	association-only	0.603	0.0178	0.45
EEF2	AKIRIN1	association-only	-0.602	0.1211	1.18
GAPDH	NME2	association-only	0.602	0.0021	0.05
RPL13A	RPS27A	association-only	0.602	0.064	1.98
RSL1D1	C8orf33	association-only	0.602	0.2776	2.46
TSR1	FKBP4	association-only	0.602	-0.0009	0.06
EEF2	RPL10A	association-only	0.601	-0.0351	-1.28
KRT8	SRM	association-only	-0.601	0.0539	0.74
RCC1	HSPD1	association-only	0.601	-0.0375	-0.9
RCC1	LDHA	association-only	0.601	-0.0243	-0.46
RPS29	EEF1B2	association-only	0.601	-0.2253	-5.88
RPS29	MAPK1	association-only	-0.601	0.3168	4.53
SNW1	MRPL47	association-only	0.601	-0.0517	-0.66
HNRNPM	ATP5MC3	association-only	0.6	-0.0825	-1.85
HNRNPM	HSPE1	association-only	0.6	-0.1711	-3.97
RPS3	RPL21	association-only	0.6	-0.23	-8.15
SNW1	GGNBP2	association-only	0.6	0.0832	0.83
BOP1	TMBIM6	association-only	-0.599	-0.0877	-1.02
EEF2	RPS16	association-only	0.599	-0.0315	-1.43
EIF5	DNAJC2	association-only	0.599	-0.193	-1.61
RSL1D1	RPF2	association-only	0.599	0.2692	1.87
RSL1D1	GTPBP4	association-only	0.599	0.1438	2.31
SLC1A5	XBP1	association-only	0.599	-0.0092	0.08
BOP1	MRPL21	association-only	0.598	-0.0812	-1.02
EIF5	CAB39	association-only	0.598	-0.0123	-0.12
GAPDH	GCSH	association-only	0.598	-0.1058	-1.61
NCL	CD320	association-only	0.598	0.0433	0.51
RSL1D1	NIFK	association-only	0.598	0.2726	3.14
TSR1	ENO1	association-only	0.598	0.1029	2.81
UBA52	RPS4X	association-only	0.598	0.0342	0.84
WDR74	DKC1	association-only	0.598	0.3052	3.63
TSR1	SERBP1	association-only	0.597	0.041	1.32
UBA52	RPS15A	association-only	0.597	-0.0017	-0.01
WDR74	NIFK	association-only	0.597	0.2161	2.51
EEF2	RPL29	association-only	0.596	0.0315	0.88
EEF2	RPS24	association-only	0.596	-0.1113	-2.99
EEF2	SNHG16	association-only	0.596	-0.3474	-4.76
EIF5	FAF1	association-only	0.596	0.0411	0.41
NCL	DCTPP1	association-only	0.596	0.1104	1.41
RPS29	RPL15	association-only	0.596	-0.2144	-5.55
RPS29	RPSA	association-only	0.596	-0.1674	-5.43
TSR1	TOMM40	association-only	0.596	0.1478	2.16
BOP1	DDX1	association-only	0.595	0.0407	0.53
BOP1	C20orf27	association-only	0.595	0.1038	1.26
KRT8	SET	association-only	-0.595	-0.0495	-1.2
NCL	POLR3G	association-only	0.595	-0.0869	-0.46
NCL	RPS26	association-only	0.595	0.0288	0.66
PSMB6	POMP	association-only	0.595	0.096	1.57
WDR74	NOL7	association-only	0.595	0.1384	1.82
BOP1	STUB1	association-only	0.594	0.125	1.32
EIF5	MRPS18C	association-only	0.594	-0.0411	-0.53
HMGB1	VDAC1	association-only	0.594	-0.0224	-0.26
RSL1D1	CCT4	association-only	0.594	0.0524	1.02
RSL1D1	GNL3	association-only	0.594	0.1298	1.5
RSL1D1	DNAJC2	association-only	0.594	0.1831	1.6
BOP1	UCHL5	association-only	0.593	0.0973	1.23
BOP1	LDHA	association-only	0.593	0.016	0.12
EEF2	COPS6	association-only	-0.593	0.1284	0.92
EEF2	ERP44	association-only	-0.593	0.1808	1.47
EEF2	RPL19	association-only	0.593	-0.0221	-1.13
RPL13A	SNHG6	association-only	0.593	-0.1512	-2.66
RPS3	WAC	association-only	-0.593	0.8948	8.87
RSL1D1	CNBP	association-only	0.593	0.101	2.21
RSL1D1	PA2G4	association-only	0.593	0.0242	0.91
SLC1A5	SHMT2	association-only	0.593	0.0014	0.04
EEF2	RPL15	association-only	0.592	-0.0275	-0.9
HMGB1	SRSF2	association-only	0.592	0.0348	0.53
HMGB1	ALYREF	association-only	0.592	-0.003	-0.05
RPS29	RPL28	association-only	0.592	-0.1624	-5.11
SNW1	COPS5	association-only	0.592	0.0064	-0.03
EEF2	ORMDL1	association-only	-0.591	-0.0093	-0.06
PSMB6	MRPL47	association-only	0.591	0.1079	1.29
RPS29	RPL29	association-only	0.591	-0.1775	-4.61
RPS3	RPS12	association-only	0.591	-0.311	-10.73
SNW1	SEPTIN7	association-only	0.591	-0.0233	-0.23
TUBB	MKI67	association-only	0.591	0.0737	0.66
TUBB	GGNBP2	association-only	-0.591	0.149	1.42
BOP1	DCXR	association-only	0.59	0.0562	0.5
BOP1	CDC45	association-only	0.59	0.0394	0.51
C1orf109	PITHD1	association-only	0.59	0.0546	0.52
KRT8	BSDC1	association-only	0.59	0.1358	0.72
NCL	UBE2H	association-only	-0.59	0.0041	0.07
RPL13A	RPL21	association-only	0.59	0.0293	0.85
RPL13A	RPS21	association-only	0.59	0.0003	-0.01
RSL1D1	VDAC2	association-only	0.59	0.0622	0.89
RSL1D1	PPAN	association-only	0.59	0.0975	0.95
UBA52	RPLP2	association-only	0.59	0.0421	1.12
EIF5	EMC8	association-only	0.589	-0.0477	-0.56
HMGB1	SRSF7	association-only	0.589	0.0432	0.78
RPS3	SNAP29	association-only	-0.589	0.6588	6.78
HNRNPM	VDAC1	association-only	0.588	-0.1036	-1.42
RSL1D1	EIF2S1	association-only	0.588	0.0247	0.4
BOP1	PAFAH1B3	association-only	0.587	0.0893	0.92
EEF2	C11orf58	association-only	-0.587	0.1828	2.06
HNRNPM	RAN	association-only	0.587	-0.0997	-2.38
KRT8	PSMG1	association-only	-0.587	0.0478	0.85
RSL1D1	AK2	association-only	0.587	0.0034	-0.03
SNW1	FIP1L1	association-only	0.587	0.0472	0.4
NCL	YPEL5	association-only	-0.586	0.0908	0.21
TAF1D	EPB41L4A-AS1	association-only	0.586	-0.4265	-2.76
BOP1	GAL	association-only	0.585	-0.1168	-1.21
BOP1	DUS1L	association-only	0.585	-0.0057	0.22
C1orf109	YRDC	association-only	0.585	0.0254	0.22
C1orf109	RSL1D1	association-only	0.585	0.0129	0.26
EEF2	RPL13	association-only	0.585	-0.0209	-0.62
NCL	POLD4	association-only	-0.585	0.0799	0.31
RPS29	RPL3	association-only	0.585	-0.261	-7.69
RPS3	RPS27A	association-only	0.585	-0.221	-7.47
RSL1D1	C1orf109	association-only	0.585	0.2881	2.11
TKT	LDHA	association-only	0.585	0.0296	0.32
BOP1	SERBP1	association-only	0.584	0.0049	0.17
BOP1	FARSA	association-only	0.584	0.2753	3.14
EEF2	CAB39	association-only	-0.584	0.4425	3.92
EEF2	RPS14	association-only	0.584	-0.1301	-3.68
EIF5	NIFK	association-only	0.584	-0.1297	-1.32
EIF5	NOP58	association-only	0.584	-0.067	-0.75
GAPDH	HSPD1	association-only	0.584	-0.0756	-1.81
HMGB1	ATP5MC3	association-only	0.584	0.0281	0.58
NCL	UCK2	association-only	0.584	0.0457	0.39
NDUFS5	ATP5MC3	association-only	0.584	-0.0517	-1.17
TSR1	GNL3	association-only	0.584	0.1233	1.42
BOP1	MTCH2	association-only	0.583	0.0913	1.08
BOP1	ANTKMT	association-only	0.583	-0.0565	-0.36
EIF5	KPNA4	association-only	0.583	-0.022	0.01
EIF5	RPF2	association-only	0.583	-0.2202	-1.61
HNRNPM	HSPD1	association-only	0.583	-0.0742	-1.78
NCL	SLC10A4	association-only	0.583	-0.0742	-0.39
RCC1	HSPA8	association-only	0.583	0.0999	1.47
TSR1	YBX1	association-only	0.583	0.101	3.25
UBA52	RPL18A	association-only	0.583	-0.0304	-1.08
HMGB1	HNRNPM	association-only	0.582	0.0392	0.91
HNRNPM	HMGB1	association-only	0.582	-0.0697	-1.86
NCL	MRPS12	association-only	0.582	-0.0725	-1.34
RPS29	RPL6	association-only	0.582	-0.1807	-5.29
RPS3	KIF5B	association-only	-0.582	0.5178	7.42
WDR74	BRIX1	association-only	0.582	0.2229	2.81
WDR74	C8orf33	association-only	0.582	0.2431	2.15
RPS3	EIF3E	association-only	0.581	-0.1834	-3.29
RSL1D1	SRSF3	association-only	0.581	0.0596	1.03
UBA52	RPS27A	association-only	0.581	0.1473	4.75
UQCRC1	NDUFS7	association-only	0.581	0.0841	1.02
WDR74	FAM136A	association-only	0.581	0.1667	2.0
BOP1	RRP1B	association-only	0.58	0.0707	0.89
EEF2	RPL5	association-only	0.58	-0.1077	-3.14
EEF2	BTG1	association-only	-0.58	0.684	6.31
EEF2	RPS19	association-only	0.58	-0.1205	-4.95
GAPDH	C1QBP	association-only	0.58	-0.045	-1.17
HMGB1	LMNB1	association-only	0.58	0.0094	0.37
HNRNPM	STIP1	association-only	0.58	-0.2021	-3.02
NCL	ALYREF	association-only	0.58	-0.0385	-0.58
SNW1	DYNC1LI1	association-only	0.58	0.0432	0.69
UBA52	RPS3A	association-only	0.58	0.1079	3.52
WDR74	CCDC58	association-only	0.58	0.184	1.28
EEF2	ATP5IF1	association-only	-0.579	0.3798	5.26
EEF2	TAOK3	association-only	-0.579	0.1273	1.17
GAPDH	NPM1	association-only	0.579	-0.0441	-1.43
NCL	PRMT1	association-only	0.579	0.0487	0.81
PSMB6	AUP1	association-only	0.579	-0.0306	-0.46
RPS29	RPL35A	association-only	0.579	-0.1586	-3.19
RPS29	SNAP29	association-only	-0.579	0.3112	3.14
RSL1D1	NOP58	association-only	0.579	0.1309	1.57
UBA52	RPL22	association-only	0.579	-0.043	-1.57
BOP1	CKB	association-only	0.578	0.0262	0.33
BOP1	DCTPP1	association-only	0.578	0.038	0.43
EEF2	NDUFA13	association-only	-0.578	0.1834	3.31
EEF2	RPL28	association-only	0.578	-0.2366	-7.5
HNRNPM	LDHA	association-only	0.578	-0.1263	-1.94
RPL13A	PCM1	association-only	-0.578	0.1264	1.65
RPL13A	CDC34	association-only	-0.578	0.1626	1.52
RPS29	RPL18	association-only	0.578	-0.1422	-5.28
TSR1	MRTO4	association-only	0.578	0.024	0.31
UBA52	RPL37A	association-only	0.578	0.0039	-0.02
EEF2	FAF1	association-only	-0.577	0.2492	2.53
EIF5	ZFR	association-only	0.577	0.0043	0.07
EIF5	PAIP1	association-only	0.577	-0.1307	-1.22
EIF5	HOXB2	association-only	0.577	0.1493	1.03
HNRNPM	PTGES3	association-only	0.577	-0.0691	-1.69
KRT8	PA2G4	association-only	-0.577	0.0111	0.59
RPL13A	DGCR6L	association-only	-0.577	-0.0392	-0.32
SNW1	CWC27	association-only	0.577	0.1398	0.77
BOP1	METTL26	association-only	0.576	0.0058	0.06
EEF2	SNHG29	association-only	0.576	-0.35	-7.74
EIF5	SRP19	association-only	0.576	0.0639	0.7
GAPDH	TRAP1	association-only	0.576	-0.1377	-1.68
RPS29	RPS18	association-only	0.576	-0.1106	-4.85
SNW1	AKIRIN1	association-only	0.576	0.1104	1.08
TUBB	H2AFZ	association-only	0.576	-0.1069	-2.02
UBA52	EEF1A1	association-only	0.576	-0.0474	-1.6
WDR74	LYAR	association-only	0.576	0.2595	2.33
WDR74	MRPL1	association-only	0.576	0.1603	1.14
EEF2	KIF5B	association-only	-0.575	0.2421	3.47
EIF5	AUP1	association-only	0.575	-0.1079	-1.28
EIF5	ZC3H8	association-only	0.575	0.1008	0.64
KRT8	TMSB10	association-only	0.575	-0.1553	-1.14
NCL	GABARAP	association-only	-0.575	-0.0432	-0.48
RPS29	MTCH1	association-only	-0.575	0.3752	4.07
RPS3	RPS10	association-only	0.575	-0.2387	-4.49
TSR1	TRAP1	association-only	0.575	0.2405	3.22
TUBB	ORMDL1	association-only	-0.575	0.0974	0.9
RSL1D1	MED10	association-only	0.574	0.1627	1.34
WDR74	PSMG1	association-only	0.574	0.1365	2.41
BOP1	RBFA	association-only	0.573	0.0626	0.4
EIF5	GTPBP4	association-only	0.573	-0.0393	-0.39
EIF5	DPF2	association-only	0.573	0.1979	1.73
NCL	CCT3	association-only	0.573	-0.002	0.11
UBA52	RPL30	association-only	0.573	-0.0476	-1.61
BOP1	FAM207A	association-only	0.572	-0.0163	-0.02
BOP1	CHCHD10	association-only	0.572	-0.0604	-0.99
EEF2	RPS6	association-only	0.572	-0.1142	-3.07
EIF5	CNBP	association-only	0.572	0.0336	0.84
HNRNPM	CACYBP	association-only	0.572	-0.1544	-2.2
NCL	ISOC2	association-only	0.572	0.0125	0.36
NCL	NEFH	association-only	0.572	-0.1768	-1.11
PRMT5	GPATCH4	association-only	0.572	-0.2253	-2.77
RPS3	XPA	association-only	-0.572	1.2518	7.2
SNW1	ORMDL1	association-only	0.572	-0.1381	-1.22
TSR1	EBNA1BP2	association-only	0.572	0.1645	1.92
BOP1	RRP1	association-only	0.571	0.1007	1.1
EEF2	RPL18	association-only	0.571	-0.0859	-3.2
EIF5	DYNC1LI1	association-only	0.571	-0.0464	-0.86
HNRNPM	SRSF2	association-only	0.571	-0.101	-1.49
NCL	RCC1	association-only	0.571	0.0513	0.39
NCL	PPA1	association-only	0.571	0.0067	0.14
NCL	DLAT	association-only	0.571	-0.22	-2.05
NCL	TUBA1A	association-only	-0.571	-0.255	-0.57
RCC1	NCL	association-only	0.571	0.0043	0.21
SNW1	NKAP	association-only	0.571	-0.045	-0.14
TKT	HSPD1	association-only	0.571	0.0204	0.49
TSR1	DCTPP1	association-only	0.571	0.2003	2.63
TSR1	CD320	association-only	0.571	0.2281	2.28
EEF2	ELOB	association-only	-0.57	0.1883	3.06
HMGB1	CBX3	association-only	0.57	0.0221	0.38
NCL	SRPK1	association-only	0.57	0.078	1.11
RPS3	KTN1	association-only	-0.57	0.523	6.67
SLC1A5	PCK2	association-only	0.57	-0.099	-0.45
SNW1	SRP19	association-only	0.57	-0.0594	-0.7
C1orf109	EIF5	association-only	0.569	0.087	0.99
EEF2	C16orf87	association-only	-0.569	0.1089	0.49
EEF2	TERF2IP	association-only	-0.569	0.1807	1.33
EIF5	C1orf109	association-only	0.569	-0.1094	-0.64
EIF5	PPIE	association-only	0.569	-0.1411	-1.67
EIF5	GPATCH4	association-only	0.569	-0.074	-0.88
EIF5	CCT2	association-only	0.569	-0.043	-0.81
EIF5	GGNBP2	association-only	0.569	0.0343	0.4
EIF5	LSM12	association-only	0.569	-0.048	-0.49
EIF5	NFKBIB	association-only	0.569	0.113	0.62
HNRNPM	C1QBP	association-only	0.569	-0.0549	-1.43
NCL	TIMM13	association-only	0.569	0.1111	2.02
RPS29	EIF4B	association-only	0.569	-0.3479	-5.65
RSL1D1	PNO1	association-only	0.569	0.1877	1.55
TSR1	NOP16	association-only	0.569	0.0678	0.83
BOP1	TUFM	association-only	0.568	-0.0028	0.1
BOP1	PSMG1	association-only	0.568	0.1864	3.29
EEF2	EIF3F	association-only	0.568	-0.3365	-3.95
EEF2	RPS21	association-only	0.568	-0.0609	-1.62
EIF5	CCDC58	association-only	0.568	-0.0622	-0.58
EIF5	LINC01578	association-only	0.568	-0.1625	-1.43
HNRNPM	EIF5A	association-only	0.568	-0.084	-1.95
RPS29	RPL21	association-only	0.568	-0.1108	-4.01
RPS29	EIF3L	association-only	0.568	-0.2959	-3.49
TSR1	PRMT1	association-only	0.568	0.0838	1.39
UQCRC1	STUB1	association-only	0.568	-0.0769	-0.81
WDR74	GTPBP4	association-only	0.568	0.0376	0.75
AP2M1	ATP5IF1	association-only	0.567	0.0166	0.15
BOP1	TIMM50	association-only	0.567	0.1809	1.85
BOP1	RUVBL2	association-only	0.567	0.0643	0.6
EEF2	WAC	association-only	-0.567	0.3131	3.05
KRT8	PAICS	association-only	-0.567	0.0106	0.27
NCL	MRPL3	association-only	0.567	0.0768	0.84
NCL	CD63	association-only	-0.567	0.0034	-0.02
RPL13A	RPS7	association-only	0.567	-0.001	-0.11
RPL13A	CHCHD3	association-only	-0.567	0.227	2.65
RPS29	RPL11	association-only	0.567	-0.1242	-4.37
SNW1	RBM22	association-only	0.567	0.0845	0.61
TAF1D	NDUFV1	association-only	-0.567	0.1466	2.12
UBA52	RPL10	association-only	0.567	-0.0275	-0.71
BOP1	ODC1	association-only	0.566	-0.0127	-0.23
BOP1	PUS7	association-only	0.566	-0.1553	-1.12
EEF2	MRPS18C	association-only	-0.566	-0.0958	-1.1
EIF5	PSMA6	association-only	0.566	0.0075	0.26
GAPDH	MIF	association-only	0.566	-0.0418	-1.09
HMGB1	HNRNPAB	association-only	0.566	0.0271	0.68
KRT8	SERBP1	association-only	-0.566	0.0099	0.33
NCL	EBNA1BP2	association-only	0.566	0.0482	0.66
NCL	HNRNPDL	association-only	0.566	-0.0422	-0.64
SNW1	RBM42	association-only	0.566	0.0785	0.45
TSR1	HSPD1	association-only	0.566	-0.0166	-0.4
WDR74	CCT2	association-only	0.566	0.1088	2.67
WDR74	TBX1	association-only	0.566	0.0248	0.24
BOP1	SLC39A4	association-only	0.565	0.095	0.88
C1orf109	LYAR	association-only	0.565	-0.0398	-0.32
EEF2	RPS23	association-only	0.565	-0.1258	-4.1
GAPDH	PAICS	association-only	0.565	-0.0232	-0.25
NCL	TRAP1	association-only	0.565	-0.0397	-0.41
NCL	SLC19A1	association-only	0.565	-0.2319	-1.13
NCL	DDX3X	association-only	0.565	-0.0702	-0.72
PSMB6	PSMA6	association-only	0.565	0.1411	3.13
RSL1D1	LTV1	association-only	0.565	0.162	1.4
SLC1A5	SLC7A11	association-only	0.565	0.0569	0.16
TSR1	DDX21	association-only	0.565	0.0341	0.65
UBA52	RPS8	association-only	0.565	-0.0421	-1.64
C1orf109	GPATCH4	association-only	0.564	-0.0885	-1.06
EEF2	CERT1	association-only	-0.564	0.0965	0.54
EEF2	MRPS10	association-only	-0.564	0.4306	4.65
GAPDH	TUFM	association-only	0.564	-0.0445	-0.82
HMGB1	PSAP	association-only	-0.564	0.022	0.18
NCL	MDN1	association-only	0.564	0.0234	0.42
NCL	MRPS34	association-only	0.564	0.054	0.85
PSMB6	DYNC1LI1	association-only	0.564	0.0029	-0.01
PSMB6	C11orf58	association-only	0.564	-0.0186	-0.09
PSMG3	SRM	association-only	0.564	-0.0742	-0.91
RPL13A	KTN1	association-only	-0.564	-0.0375	-0.52
SNW1	HOXB2	association-only	0.564	-0.03	-0.07
SON	EIF3K	association-only	-0.564	-0.1451	-4.02
TSR1	EIF3B	association-only	0.564	0.0623	1.16
WDR74	SRM	association-only	0.564	0.1029	1.37
EEF2	RPL35A	association-only	0.563	-0.1201	-2.41
EEF2	MTCH1	association-only	-0.563	0.1274	1.36
EEF2	PCM1	association-only	-0.563	0.3273	4.16
RPL13A	FAF1	association-only	-0.563	0.2264	2.3
RSL1D1	SYNCRIP	association-only	0.563	0.0743	1.34
SNW1	RP9	association-only	0.563	-0.0372	-0.23
TSR1	ODC1	association-only	0.563	0.1675	2.6
BOP1	ATP5MC1	association-only	0.562	0.0282	0.46
BOP1	CTAG2	association-only	0.562	-0.0629	-0.64
C1orf109	MED10	association-only	0.562	-0.1429	-1.08
C1orf109	BRIX1	association-only	0.562	0.0342	0.46
C1orf109	SNHG17	association-only	0.562	0.1001	0.64
EIF5	SEPTIN7	association-only	0.562	0.0612	0.9
HNRNPM	NPM1	association-only	0.562	-0.056	-1.84
KRT8	ATAD3A	association-only	-0.562	0.0662	0.53
KRT8	FAM136A	association-only	-0.562	0.038	0.53
NCL	MAK16	association-only	0.562	-0.0504	-0.58
NCL	C20orf27	association-only	0.562	0.1164	1.39
RSL1D1	EBNA1BP2	association-only	0.562	0.051	0.69
RSL1D1	PPID	association-only	0.562	0.0004	0.09
RSL1D1	CCT5	association-only	0.562	0.1198	2.53
RSL1D1	NDUFAF4	association-only	0.562	0.0663	0.67
TUBB	DPF2	association-only	-0.562	0.1702	1.48
WDR74	WDR43	association-only	0.562	0.1364	1.29
C1orf109	RPF2	association-only	0.561	0.251	1.74
EIF5	SBDS	association-only	0.561	-0.0509	-0.56
EIF5	SNHG1	association-only	0.561	-0.1116	-0.83
NCL	GAL	association-only	0.561	-0.0997	-1.04
RPL13A	MRPL40	association-only	-0.561	0.0724	0.95
RPS3	RPL31	association-only	0.561	-0.305	-4.36
RSL1D1	DKC1	association-only	0.561	0.3402	4.03
SNW1	SPCS2	association-only	0.561	-0.0518	-0.71
SNW1	TOX4	association-only	0.561	-0.0654	-0.69
BOP1	PSMG4	association-only	0.56	-0.0628	-0.53
EEF2	SNX2	association-only	-0.56	0.1132	0.91
EIF5	MIIP	association-only	0.56	0.2694	1.1
GAPDH	PABPC4	association-only	0.56	0.0251	0.46
GAPDH	CHCHD10	association-only	0.56	-0.0698	-1.12
HNRNPM	CCT6A	association-only	0.56	-0.0902	-1.6
KRT8	UCHL5	association-only	-0.56	-0.0582	-0.53
NCL	CCT8	association-only	0.56	0.0275	0.87
NCL	RRP1B	association-only	0.56	0.0567	0.73
NDUFS5	PHB	association-only	0.56	-0.0312	-0.52
RCC1	HSPE1	association-only	0.56	-0.025	-0.75
RPL13A	NDUFB9	association-only	-0.56	0.2129	3.98
SNW1	RBX1	association-only	0.56	0.0932	1.15
TSR1	GAL	association-only	0.56	0.1621	1.63
WDR74	DNAJC2	association-only	0.56	0.013	0.15
BOP1	HNRNPU	association-only	0.559	-0.0002	0.34
EIF5	WDR74	association-only	0.559	-0.1643	-1.2
GAPDH	HSPA8	association-only	0.559	-0.0996	-1.27
GAPDH	FKBP4	association-only	0.559	-0.0565	-0.47
HMGB1	NME1	association-only	0.559	-0.03	-0.64
PSMB6	UFD1	association-only	0.559	0.5385	9.38
RPS3	MRPL47	association-only	-0.559	0.561	6.83
WDR74	SURF2	association-only	0.559	0.307	2.27
WDR74	PA2G4	association-only	0.559	0.1007	2.79
WDR74	EIF5	association-only	0.559	0.2533	2.86
BOP1	PPM1G	association-only	0.558	-0.0788	-1.08
KRT8	LYAR	association-only	-0.558	0.1002	0.92
RSL1D1	CCT6A	association-only	0.558	-0.0101	-0.0
SNW1	XPA	association-only	0.558	0.1354	0.67
TSR1	ATP5MC3	association-only	0.558	0.0422	0.89
TSR1	NOLC1	association-only	0.558	-0.0015	0.1
TSR1	TUFM	association-only	0.558	0.0278	0.77
UBA52	RPS20	association-only	0.558	-0.0971	-1.87
C1orf109	MRPL47	association-only	0.557	0.0338	0.38
EEF2	TMEM59	association-only	-0.557	0.2566	2.1
GAPDH	HMGA1	association-only	0.557	-0.0005	-0.12
HMGB1	POLR2H	association-only	0.557	0.01	-0.06
NCL	PABPC4	association-only	0.557	-0.1287	-1.84
NCL	S100A13	association-only	-0.557	-0.2276	-0.92
NCL	UTP20	association-only	0.557	0.0859	0.75
RPL13A	C1orf122	association-only	-0.557	-0.0728	-0.9
RPL13A	CHPT1	association-only	-0.557	0.0202	0.1
RPS3	ERP44	association-only	-0.557	0.6478	5.31
RPS3	C11orf58	association-only	-0.557	0.4992	5.44
RSL1D1	NOP16	association-only	0.557	-0.0097	-0.04
TSR1	SET	association-only	0.557	0.1282	3.22
TSR1	RRP1B	association-only	0.557	0.2557	2.98
BOP1	SH3BGRL3	association-only	-0.556	-0.1563	-0.89
EEF2	RPS27	association-only	0.556	-0.0927	-2.87
EEF2	DYNC1LI1	association-only	-0.556	0.0488	0.79
EIF5	FAM136A	association-only	0.556	-0.024	-0.18
EIF5	ATG3	association-only	0.556	0.1079	0.67
EIF5	MRPL1	association-only	0.556	-0.1057	-0.82
EIF5	SNW1	association-only	0.556	-0.0188	-0.14
HNRNPM	NME1	association-only	0.556	-0.0451	-0.98
NCL	NSUN2	association-only	0.556	-0.0088	0.07
NDUFS5	ATP5PF	association-only	0.556	-0.0659	-0.93
RPS29	RPL31	association-only	0.556	-0.1367	-1.87
SNW1	EIF5	association-only	0.556	0.0776	0.88
TKT	VDAC1	association-only	0.556	-0.0026	0.03
TSR1	WDR43	association-only	0.556	0.2089	1.99
UBA52	RPL34	association-only	0.556	-0.095	-2.21
EEF2	MOB4	association-only	-0.555	0.1659	1.23
EEF2	UBE2D2	association-only	-0.555	-0.0106	-0.04
EEF2	RPS13	association-only	0.555	-0.0894	-5.35
EEF2	MARK3	association-only	-0.555	0.2874	1.6
NCL	PHB2	association-only	0.555	0.0149	0.14
NCL	MEIOB	association-only	0.555	-0.1204	-0.81
NCL	DAZAP1	association-only	0.555	0.0068	0.05
RCC1	C1QBP	association-only	0.555	-0.065	-1.69
SNW1	ZCCHC10	association-only	0.555	0.1894	1.16
SNW1	ZCCHC7	association-only	0.555	0.1452	0.81
UBA52	RPS13	association-only	0.555	-0.0068	-0.39
WDR74	MRPL47	association-only	0.555	0.0686	0.81
BOP1	C1QBP	association-only	0.554	-0.0455	-1.18
EEF2	FNTA	association-only	-0.554	0.2076	1.73
EEF2	DPF2	association-only	-0.554	-0.0184	-0.18
EEF2	RPLP1	association-only	0.554	-0.2023	-7.18
EIF5	WAC	association-only	0.554	0.1588	1.5
EIF5	DKC1	association-only	0.554	0.0272	0.46
GAPDH	PHB2	association-only	0.554	-0.1133	-1.77
GAPDH	MGST1	association-only	0.554	0.0168	0.33
NCL	SMIM14	association-only	-0.554	-0.043	-0.02
PSMB6	MRPS10	association-only	0.554	0.0603	0.48
RPS29	RPL9	association-only	0.554	-0.1193	-3.61
RSL1D1	NIP7	association-only	0.554	0.1764	1.45
SNW1	PSMB6	association-only	0.554	-0.0003	-0.07
WDR74	METTL5	association-only	0.554	0.0812	1.34
BOP1	BOLA3	association-only	0.553	0.0232	0.24
BOP1	SMARCC1	association-only	0.553	0.0844	1.45
RPL13A	RPL22	association-only	0.553	0.0388	0.6
RPS29	RPL41	association-only	0.553	-0.2079	-8.2
RPS3	UBE2D2	association-only	-0.553	0.4707	5.58
RSL1D1	MRTO4	association-only	0.553	0.0559	0.69
RSL1D1	SNU13	association-only	0.553	0.1083	2.24
SLC1A5	GARS	association-only	0.553	-0.0683	-0.56
BOP1	NME1	association-only	0.552	0.0063	0.18
BOP1	NDUFS7	association-only	0.552	0.0702	0.85
EEF2	XPA	association-only	-0.552	0.2203	1.16
GAPDH	LDHB	association-only	0.552	-0.0519	-1.24
NCL	ILF3	association-only	0.552	-0.0925	-1.17
PKM	PRDX1	association-only	0.552	-0.0287	-0.97
PSMB6	RNF114	association-only	0.552	0.0067	0.15
SON	REXO1	association-only	0.552	-0.0611	-0.22
EEF2	RNF115	association-only	-0.551	0.0978	0.6
EIF5	VDAC2	association-only	0.551	-0.0224	-0.49
NCL	GSPT1	association-only	0.551	-0.0098	-0.08
RPS3	VPS4A	association-only	-0.551	0.829	6.6
RPS3	LRRC75A	association-only	0.551	-0.2946	-1.64
RSL1D1	RBM8A	association-only	0.551	0.1066	1.55
RSL1D1	KPNB1	association-only	0.551	0.1111	2.19
TSR1	MRPL3	association-only	0.551	0.0625	0.67
TSR1	MRPL12	association-only	0.551	0.067	1.0
BOP1	RAC3	association-only	0.55	0.0644	0.4
EEF2	CAPZA2	association-only	-0.55	0.2235	1.72
EEF2	NSD3	association-only	-0.55	0.2573	2.03
EIF5	TIMM9	association-only	0.55	-0.0487	-0.35
EIF5	EIF2S1	association-only	0.55	-0.2009	-2.16
GAPDH	HSP90AB1	association-only	0.55	-0.0491	-1.37
GAPDH	NOP56	association-only	0.55	-0.155	-2.46
HMGB1	EIF1AX	association-only	0.55	0.0213	0.51
NCL	LRPPRC	association-only	0.55	0.0084	0.45
RPS3	NDUFB9	association-only	-0.55	0.3874	7.21
RPS3	RPL41	association-only	0.55	-0.428	-16.9
RPS3	GGNBP2	association-only	-0.55	0.9191	8.31
RSL1D1	ZC3H15	association-only	0.55	0.1515	1.84
TSR1	PUS7	association-only	0.55	0.0844	0.71
TSR1	GCSH	association-only	0.55	-0.0077	0.02
UBA52	RPL23A	association-only	0.55	-0.022	-0.81
WDR74	IFRD1	association-only	0.55	0.2484	1.48
BOP1	EIF2B3	association-only	0.549	0.0321	0.47
EEF2	FIP1L1	association-only	-0.549	0.1958	1.84
EEF2	ATRX	association-only	-0.549	0.2592	3.09
EIF5	SMIM7	association-only	0.549	-0.207	-1.71
KRT8	GAR1	association-only	-0.549	0.0398	0.47
KRT8	ANP32A	association-only	-0.549	0.053	0.86
NCL	LMNB1	association-only	0.549	-0.0804	-0.51
NCL	ARHGAP22	association-only	0.549	0.0098	0.18
RPS3	FNTA	association-only	-0.549	0.8168	6.99
RSL1D1	PFDN2	association-only	0.549	0.2281	3.42
SNW1	CAB39	association-only	0.549	0.0893	0.78
UBA52	RPL19	association-only	0.549	0.0362	1.41
BOP1	NT5DC2	association-only	0.548	-0.0796	-0.94
C1orf109	RPS19BP1	association-only	0.548	0.0497	0.65
EIF5	BOLA2	association-only	0.548	-0.1157	-0.92
HMGB1	SNRPF	association-only	0.548	-0.091	-1.5
HNRNPM	HNRNPD	association-only	0.548	0.0198	0.63
NCL	NAA50	association-only	0.548	0.0177	0.33
NCL	TNRC6B	association-only	-0.548	0.0309	0.11
RPL13A	PIN1	association-only	-0.548	-0.017	-0.28
RSL1D1	SRM	association-only	0.548	-0.0319	-0.36
RSL1D1	NOL7	association-only	0.548	0.2017	2.62
RSL1D1	SET	association-only	0.548	0.0388	0.99
RSL1D1	WDR74	association-only	0.548	0.0429	0.33
SNW1	RCHY1	association-only	0.548	-0.0434	-0.36
WDR74	RSL1D1	association-only	0.548	0.1138	2.02
BOP1	RUVBL1	association-only	0.547	0.0422	0.42
EIF5	XPA	association-only	0.547	-0.1239	-0.85
EIF5	PQBP1	association-only	0.547	0.075	0.58
KRT8	MTCH2	association-only	-0.547	0.0513	0.64
KRT8	SAT1	association-only	0.547	0.0385	0.32
NCL	TMEM59	association-only	-0.547	0.0147	-0.03
NCL	KLHL24	association-only	-0.547	-0.1317	-0.53
PSMB6	MRPL52	association-only	0.547	-0.0171	-0.5
RPS29	KPNA4	association-only	-0.547	0.5215	4.87
SNW1	MT-ND2	association-only	-0.547	-0.0041	-0.36
TSR1	STIP1	association-only	0.547	0.0043	0.23
TUBB	RRM2	association-only	0.547	-0.2401	-1.84
UBA52	RPL26	association-only	0.547	0.0681	2.24
UQCRC1	CYC1	association-only	0.547	0.0593	0.65
BOP1	ATIC	association-only	0.546	0.0285	0.29
BOP1	TMEM147	association-only	0.546	0.1045	1.48
C1orf109	EIF2S1	association-only	0.546	0.084	1.07
EEF2	RAB5A	association-only	-0.546	0.2333	1.56
EEF2	DRAP1	association-only	-0.546	0.1078	1.05
EIF5	UPF3B	association-only	0.546	-0.0751	-0.65
GAPDH	COMTD1	association-only	0.546	0.0332	0.23
HMGB1	PEBP1	association-only	0.546	-0.0131	-0.29
KRT8	TMBIM6	association-only	0.546	-0.0506	-0.55
PSMB6	PSMD8	association-only	0.546	0.1151	2.19
PSMG3	PA2G4	association-only	0.546	-0.0086	0.1
RPL13A	PRPF40A	association-only	-0.546	0.1214	1.37
RSL1D1	FAM136A	association-only	0.546	0.1256	1.53
RSL1D1	RPL7L1	association-only	0.546	0.132	1.77
SNW1	ERVK3-1	association-only	0.546	-0.0655	-0.48
TSR1	SRPK1	association-only	0.546	0.0013	0.13
UBA52	RPS21	association-only	0.546	0.0279	0.71
KRT8	FCGR2A	association-only	0.545	-0.2618	-0.54
KRT8	MAP1LC3B	association-only	0.545	-0.0641	-0.53
NCL	ERV3-1	association-only	-0.545	-0.0507	-0.14
RSL1D1	LSM12	association-only	0.545	0.0481	0.72
SNW1	C8orf33	association-only	0.545	-0.0329	-0.28
TSR1	RRP1	association-only	0.545	0.2092	2.18
BOP1	GAMT	association-only	0.544	-0.1047	-1.07
EEF2	GNG5	association-only	-0.544	0.1241	1.99
EIF5	NGDN	association-only	0.544	0.1063	0.75
EIF5	RSL1D1	association-only	0.544	-0.0655	-1.11
HNRNPM	RANBP1	association-only	0.544	-0.0502	-1.54
NCL	HIST1H1B	association-only	0.544	0.2437	1.32
RPL13A	ATXN10	association-only	-0.544	-0.0122	-0.03
RPS29	RACK1	association-only	0.544	-0.0739	-1.73
RPS3	MRPL40	association-only	-0.544	0.4512	6.65
RSL1D1	EIF5	association-only	0.544	0.2234	2.53
SNW1	TAOK3	association-only	0.544	-0.0453	-0.38
UBA52	RPS18	association-only	0.544	0.1421	5.67
UBA52	RPS28	association-only	0.544	-0.0687	-2.25
C1orf109	CNBP	association-only	0.543	0.0392	0.95
EEF2	MYO6	association-only	-0.543	0.2323	1.26
EIF5	PRPF40A	association-only	0.543	-0.0515	-0.56
EIF5	MRPS30	association-only	0.543	-0.2321	-1.98
EIF5	TBX1	association-only	0.543	-0.2567	-2.37
HMGB1	C1QBP	association-only	0.543	-0.0141	-0.35
NDUFS5	NDUFAB1	association-only	0.543	0.0249	0.5
PSMB6	NGDN	association-only	0.543	0.1116	0.79
RPS3	NDUFS1	association-only	-0.543	0.3544	3.86
RPS3	MRPS18C	association-only	-0.543	0.582	5.94
RSL1D1	EIF4A1	association-only	0.543	0.0518	1.3
SNW1	CSNK1A1	association-only	0.543	0.0223	0.23
SNW1	SF3B2	association-only	0.543	0.1201	1.9
SNW1	MT-ATP6	association-only	-0.543	0.0199	0.48
TSR1	RANBP1	association-only	0.543	0.0635	1.72
TUBB	SEPTIN7	association-only	-0.543	0.0239	0.4
UBA52	RPS14	association-only	0.543	0.0136	0.36
WDR74	UCHL5	association-only	0.543	0.158	1.92
WDR74	SNHG7	association-only	0.543	0.3442	2.43
WDR74	TOMM40	association-only	0.543	0.1476	2.15
BOP1	MAP2K2	association-only	0.542	0.0239	0.04
BOP1	GCDH	association-only	0.542	0.1573	1.12
EEF2	NDUFB5	association-only	-0.542	0.266	3.3
HMGB1	STIP1	association-only	0.542	0.0655	1.2
HMGB1	LDHB	association-only	0.542	-0.0079	-0.3
KRT8	EEF1E1	association-only	-0.542	0.0274	0.61
NCL	SH3BGRL3	association-only	-0.542	-0.2294	-1.32
NCL	WDR43	association-only	0.542	0.1262	1.19
RPL13A	RPL31	association-only	0.542	-0.0551	-0.67
RPS29	RPL26	association-only	0.542	-0.2199	-6.87
RPS3	C1orf35	association-only	-0.542	1.2228	8.61
RPS3	CERT1	association-only	-0.542	0.5351	3.25
SLC1A5	RAB27A	association-only	0.542	-0.1346	-1.07
TSR1	PPAN	association-only	0.542	0.137	1.31
AP2M1	RPL13A	association-only	-0.541	-0.07	-1.8
BOP1	SLC19A1	association-only	0.541	-0.038	-0.13
EIF5	RPS3	association-only	-0.541	-0.0166	-0.78
NCL	TKT	association-only	0.541	0.0551	1.14
NCL	LGALS1	association-only	-0.541	0.0096	-0.12
PSMB6	COPS5	association-only	0.541	-0.1327	-1.7
RPL13A	CAB39	association-only	-0.541	0.2151	1.9
RPL13A	AP2M1	association-only	-0.541	0.18	1.87
RPS3	NT5C3A	association-only	-0.541	0.9664	5.98
RPS3	EIF5	association-only	-0.541	0.7227	8.15
RSL1D1	RNPS1	association-only	0.541	-0.0362	-0.37
SNW1	NOL7	association-only	0.541	-0.0122	-0.08
TKT	NCL	association-only	0.541	-0.0086	-0.06
TSR1	HNRNPU	association-only	0.541	0.0524	1.74
TSR1	PRELID1	association-only	0.541	0.0713	1.55
TSR1	POLR3K	association-only	0.541	0.122	1.66
TSR1	MIF	association-only	0.541	0.017	0.55
BOP1	GNL3	association-only	0.54	-0.031	-0.32
EEF2	TCF4	association-only	-0.54	0.3857	2.64
NDUFS5	TOMM6	association-only	0.54	0.0457	0.83
PSMG3	DKC1	association-only	0.54	-0.0453	-0.37
SNW1	ACP1	association-only	0.54	-0.042	-0.58
TAF1D	PRKDC	association-only	-0.54	0.0437	1.04
WDR74	CMSS1	association-only	0.54	0.1412	1.53
BOP1	ZMYND19	association-only	0.539	0.2995	1.86
BOP1	TSR1	association-only	0.539	-0.043	-0.3
BOP1	MATK	association-only	0.539	-0.0114	-0.2
BOP1	NAA10	association-only	0.539	-0.0245	-0.34
C1orf109	CAB39	association-only	0.539	-0.1428	-1.27
EIF5	AC139493.2	association-only	0.539	-0.2706	-1.72
HMGB1	HNRNPD	association-only	0.539	-0.0204	-0.17
KRT8	MRPL12	association-only	-0.539	-0.0091	0.1
NCL	AAK1	association-only	-0.539	-0.0913	-0.34
NCL	GRPEL1	association-only	0.539	-0.0992	-0.84
NCL	TRIM56	association-only	-0.539	-0.1242	-0.54
PRMT5	FAM136A	association-only	0.539	-0.0189	-0.12
RPL13A	RPS10	association-only	0.539	0.0605	1.3
RPS29	EEF1G	association-only	0.539	-0.2616	-7.74
RSL1D1	NME1	association-only	0.539	-0.0397	-0.86
TSR1	BOP1	association-only	0.539	0.0576	0.52
TUBB	MED10	association-only	-0.539	0.2019	1.65
WDR74	YRDC	association-only	0.539	0.0835	1.02
EEF2	MRPL47	association-only	-0.538	0.1159	1.39
EIF5	KIF5B	association-only	0.538	0.0102	0.15
NCL	CTPS1	association-only	0.538	0.0779	0.98
NCL	GEMIN5	association-only	0.538	0.1117	1.06
NCL	PRKAR2B	association-only	0.538	0.0425	0.52
NCL	CSE1L	association-only	0.538	-0.0668	-0.75
PNISR	BTG1	association-only	0.538	0.1519	1.41
RCC1	NME2	association-only	0.538	0.0144	0.44
RPL13A	ELOB	association-only	-0.538	0.0235	0.44
RPS3	SNX2	association-only	-0.538	0.5397	4.07
SNW1	ZFR	association-only	0.538	0.1191	1.2
TSR1	CTPS1	association-only	0.538	-0.0062	-0.04
TSR1	PPP1R14B	association-only	0.538	0.0848	1.81
TSR1	PTGES3	association-only	0.538	-0.0326	-0.8
TSR1	RAN	association-only	0.538	0.01	0.09
TSR1	EIF1AX	association-only	0.538	0.0683	1.41
TUBB	TOX4	association-only	-0.538	0.1433	1.08
WDR74	NOP58	association-only	0.538	0.1059	1.28
BOP1	PPP1R14B	association-only	0.537	0.0091	0.15
EEF2	SRP19	association-only	-0.537	0.0905	1.0
EEF2	NELFE	association-only	-0.537	-0.0005	-0.15
EIF5	RNASEH1	association-only	0.537	0.0493	0.48
EIF5	METTL5	association-only	0.537	0.104	1.69
EIF5	RCHY1	association-only	0.537	0.1109	0.62
HNRNPM	LDHB	association-only	0.537	-0.1134	-2.55
NCL	RUVBL1	association-only	0.537	-0.08	-1.12
NCL	GRN	association-only	-0.537	-0.1655	-1.41
PSMG3	FAM136A	association-only	0.537	0.1046	1.29
RPS29	RPL22	association-only	0.537	-0.1103	-3.36
RPS3	KCMF1	association-only	-0.537	0.9196	7.6
RPS3	CHPT1	association-only	-0.537	0.4196	3.96
RSL1D1	DCAF13	association-only	0.537	0.0008	-0.02
SON	TMBIM6	association-only	0.537	0.2454	3.17
TSR1	C20orf27	association-only	0.537	0.104	1.26
UBA52	RPS12	association-only	0.537	0.0876	2.88
UQCRC1	MAP2K2	association-only	0.537	0.0662	0.5
BOP1	AURKAIP1	association-only	0.536	0.0888	1.43
BOP1	MEIOB	association-only	0.536	-0.0553	-0.24
EEF2	RPS12	association-only	0.536	-0.2174	-7.53
EIF4G2	SLIRP	association-only	0.536	-0.2442	-3.49
EIF5	RBM8A	association-only	0.536	-0.1536	-2.18
EIF5	PPP2R2A	association-only	0.536	0.1086	0.87
EIF5	KRR1	association-only	0.536	-0.0849	-0.98
GAPDH	ENO1	association-only	0.536	-0.0588	-1.41
RPL13A	SDHAF3	association-only	-0.536	0.1861	1.19
RPL13A	LRRC75A	association-only	0.536	-0.356	-1.96
RPS3	PHGDH	association-only	0.536	-1.3444	-4.6
UQCRC1	DDX1	association-only	0.536	-0.1052	-1.2
WDR74	MRPL15	association-only	0.536	0.2259	2.46
C1orf109	WDR43	association-only	0.535	-0.0476	-0.49
C1orf109	NGDN	association-only	0.535	0.188	1.29
EIF5	RAC1	association-only	0.535	-0.0246	-0.36
EIF5	ERVK3-1	association-only	0.535	-0.1566	-1.25
KRT8	NOP56	association-only	-0.535	0.0115	0.35
KRT8	DKC1	association-only	-0.535	0.061	0.84
RPL13A	PGP	association-only	-0.535	0.0269	0.24
RPL13A	NOP53	association-only	0.535	0.0421	0.65
RPS3	RPS7	association-only	0.535	-0.1283	-3.89
RPS3	OCIAD1	association-only	-0.535	0.7269	13.23
SNW1	TXNIP	association-only	0.535	0.305	2.35
SNW1	C1orf35	association-only	0.535	0.0176	0.08
SNW1	SMIM7	association-only	0.535	0.1519	1.07
C1orf109	AC139493.2	association-only	0.534	0.1265	1.03
EEF2	RP9	association-only	-0.534	0.2102	1.16
GAPDH	HSPE1	association-only	0.534	-0.0202	-0.64
LST1	LCP2	association-only	0.534	-0.147	-0.2
NCL	LBR	association-only	0.534	-0.0448	-0.36
NCL	HK1	association-only	0.534	-0.03	-0.32
RCC1	VDAC1	association-only	0.534	0.0004	0.07
RPL13A	RPS20	association-only	0.534	0.0653	1.24
RPS29	AKIRIN1	association-only	-0.534	0.4031	3.88
RPS3	CSNK2B	association-only	-0.534	0.488	5.14
RPS3	CCDC34	association-only	-0.534	0.5384	4.5
RSL1D1	CCDC86	association-only	0.534	0.0358	0.18
RSL1D1	NGDN	association-only	0.534	0.3365	2.27
SNW1	DDIT3	association-only	0.534	-0.203	-0.61
TSR1	ATAD3A	association-only	0.534	0.1906	1.52
TSR1	UCK2	association-only	0.534	-0.016	-0.12
UBA52	RPL32	association-only	0.534	-0.0341	-0.78
UQCRC1	DCXR	association-only	0.534	-0.0073	-0.11
C1orf109	ACP1	association-only	0.533	0.2065	2.1
C1orf109	NDUFS6	association-only	0.533	0.0073	-0.02
C1orf109	ARPC5L	association-only	0.533	-0.0427	-0.52
EEF2	HMGA1	association-only	0.533	-0.0664	-1.65
EIF5	SPN	association-only	-0.533	0.1286	1.31
HMGB1	FKBP4	association-only	0.533	0.0232	0.3
KRT8	MRPL21	association-only	-0.533	0.0737	1.02
NCL	PTGES2	association-only	0.533	0.0457	0.47
RPS3	RNF115	association-only	-0.533	0.873	5.86
RSL1D1	SF3A3	association-only	0.533	0.1394	1.74
RSL1D1	ARPC5L	association-only	0.533	0.021	0.27
SNW1	MED8	association-only	0.533	0.0817	0.58
SNW1	ATP6V0B	association-only	0.533	0.0579	0.87
SNW1	MRPS22	association-only	0.533	0.0739	0.71
SNW1	UPF3B	association-only	0.533	0.1178	0.97
EEF2	TSNAX	association-only	-0.532	0.3278	3.08
EIF5	MRPS9	association-only	0.532	-0.2222	-1.7
EIF5	TMEM126A	association-only	0.532	0.0082	0.05
KRT8	POLR3K	association-only	-0.532	0.0497	0.67
KRT8	TOMM40	association-only	-0.532	0.0961	1.39
NCL	POLR3K	association-only	0.532	0.1042	1.42
PRMT5	EIF2S1	association-only	0.532	0.0413	0.59
PSMB6	RBX1	association-only	0.532	-0.1065	-1.34
RPL13A	METTL5	association-only	-0.532	-0.001	0.05
RPS29	SNHG29	association-only	0.532	-0.1894	-4.2
RSL1D1	RRP1B	association-only	0.532	0.1009	1.23
SNW1	CKS1B	association-only	0.532	0.0368	0.47
SNW1	KCMF1	association-only	0.532	-0.0672	-0.39
SNW1	MRPS18B	association-only	0.532	-0.0819	-1.14
SNW1	MRPL46	association-only	0.532	0.0272	0.17
SNW1	SNHG17	association-only	0.532	0.0385	0.25
SON	RBM39	association-only	0.532	-0.1326	-1.4
TSR1	VDAC1	association-only	0.532	-0.0175	-0.19
TSR1	EIF5A	association-only	0.532	0.0192	0.41
TUBB	SRP19	association-only	-0.532	0.1837	2.06
UQCRC1	PRKDC	association-only	0.532	0.0049	0.34
BOP1	FH	association-only	0.531	0.0159	0.26
BOP1	EIF3B	association-only	0.531	-0.0565	-0.45
BOP1	STAR	association-only	0.531	0.0389	0.23
BOP1	PTGES2	association-only	0.531	-0.0402	-0.52
BOP1	FJX1	association-only	0.531	0.2543	1.4
C1orf109	AUP1	association-only	0.531	0.1788	1.75
EEF2	TUBB	association-only	0.531	0.0071	0.03
EEF2	COPS5	association-only	-0.531	0.083	0.9
EEF2	WASHC3	association-only	-0.531	0.1209	0.32
EEF2	RBX1	association-only	-0.531	0.179	2.21
HMGB1	SNRPG	association-only	0.531	-0.0128	-0.3
HNRNPM	SYNCRIP	association-only	0.531	-0.0904	-1.25
NCL	EXOSC7	association-only	0.531	-0.0216	-0.52
NCL	NDUFAF4	association-only	0.531	-0.2005	-1.53
NCL	TUFM	association-only	0.531	0.0082	0.34
RPL13A	PHGDH	association-only	0.531	-0.3762	-1.24
RPL13A	MTCH1	association-only	-0.531	0.0518	0.54
RPL13A	MTCH2	association-only	-0.531	0.0066	0.15
RPL13A	RSL24D1	association-only	0.531	-0.164	-2.11
RPS3	DRAP1	association-only	-0.531	0.7518	7.49
SNW1	KRTCAP2	association-only	0.531	-0.042	-0.43
SNW1	MRPS31	association-only	0.531	-0.0129	0.02
TSR1	TCP1	association-only	0.531	0.0125	0.18
TUBB	EEF2	association-only	0.531	-0.0865	-1.73
UBA52	RPL37	association-only	0.531	0.1005	3.48
BOP1	DTYMK	association-only	0.53	0.0802	0.94
BOP1	AFG3L2	association-only	0.53	-0.0059	0.11
C1orf109	SNHG7	association-only	0.53	0.0626	0.47
GAPDH	NME1	association-only	0.53	-0.0874	-1.93
IK	GGNBP2	association-only	0.53	0.1889	1.78
PCID2	PSMG1	association-only	0.53	0.0028	0.05
PSMB6	MRPS30	association-only	0.53	-0.0371	-0.12
RPS29	CDC34	association-only	-0.53	0.4972	4.43
RPS3	POLDIP2	association-only	-0.53	0.6591	5.07
SNW1	PPP2R2A	association-only	0.53	-0.0049	-0.13
SNW1	TMEM99	association-only	0.53	-0.157	-1.06
TKT	HNRNPA2B1	association-only	0.53	0.0188	0.62
TKT	LDHB	association-only	0.53	-0.0304	-0.78
TSR1	NUDC	association-only	0.53	0.0547	0.6
TSR1	NME2	association-only	0.53	0.0268	0.82
BOP1	GTF3A	association-only	0.529	0.0556	0.92
BOP1	MAZ	association-only	0.529	0.0214	0.38
BOP1	NAE1	association-only	0.529	-0.0483	-0.51
BOP1	MIF	association-only	0.529	0.0271	0.83
BOP1	MPST	association-only	0.529	0.0977	1.03
BOP1	EIF1AX	association-only	0.529	-0.0231	-0.33
C1orf109	CCDC58	association-only	0.529	0.1062	0.69
EIF5	LYAR	association-only	0.529	-0.0679	-0.57
EIF5	ZNF787	association-only	0.529	0.1306	0.87
HMGB1	PHB	association-only	0.529	0.0485	0.51
HMGB1	MIF	association-only	0.529	0.0211	0.66
PSMG3	TBX1	association-only	0.529	-0.0504	-0.45
RPL13A	RPL24	association-only	0.529	0.0174	0.47
RPS3	KIFAP3	association-only	-0.529	1.1628	6.57
RSL1D1	GAR1	association-only	0.529	0.1986	2.23
RSL1D1	SLIRP	association-only	0.529	0.034	0.34
SNW1	KRR1	association-only	0.529	0.0119	0.01
TSR1	PHB	association-only	0.529	-0.0184	-0.36
BOP1	NUDC	association-only	0.528	-0.0047	-0.13
BOP1	WDR18	association-only	0.528	0.0744	0.67
EEF2	C1orf35	association-only	-0.528	0.1205	0.81
EEF2	CCDC50	association-only	-0.528	0.2481	1.76
EIF5	UBE2J2	association-only	0.528	-0.0781	-0.93
EIF5	KPNB1	association-only	0.528	-0.1017	-1.69
HNRNPM	SFPQ	association-only	0.528	0.1376	2.9
NCL	IL6ST	association-only	-0.528	0.2456	0.77
NCL	TOMM5	association-only	0.528	-0.0027	-0.18
NDUFS5	HSPE1	association-only	0.528	0.0127	0.08
PSMB6	CCDC58	association-only	0.528	-0.1007	-0.87
RPL13A	NDUFS1	association-only	-0.528	0.0847	1.13
RPS3	GTPBP4	association-only	-0.528	0.4932	7.46
RSL1D1	MRPL3	association-only	0.528	0.0257	0.25
SNW1	TMEM126A	association-only	0.528	0.1092	0.72
TUBB	TTC17	association-only	-0.528	0.2043	1.36
WDR74	AUP1	association-only	0.528	0.1522	1.47
WDR74	GNL3	association-only	0.528	0.117	1.35
WDR74	PAIP1	association-only	0.528	-0.0313	-0.32
BOP1	CCT6A	association-only	0.527	-0.0182	-0.16
BOP1	PDCD5	association-only	0.527	0.0761	0.89
C1orf109	TOMM40	association-only	0.527	0.0724	1.04
EEF2	TXNIP	association-only	-0.527	0.779	5.83
EEF2	UBE2L6	association-only	-0.527	0.7757	2.33
EEF2	CSTB	association-only	-0.527	0.2071	4.05
HMGB1	NPM1	association-only	0.527	-0.0177	-0.52
HNRNPM	TCP1	association-only	0.527	-0.1149	-1.65
KRT8	SYNCRIP	association-only	-0.527	0.0534	1.01
KRT8	PPP1R14B	association-only	-0.527	-0.0105	-0.27
NCL	RHOC	association-only	-0.527	-0.1789	-1.46
RPL13A	SEC11A	association-only	0.527	-0.0239	-0.48
RPL13A	ACTG1	association-only	0.527	-0.0021	-0.06
RPL13A	MAPK1	association-only	-0.527	0.148	2.2
RSL1D1	CMSS1	association-only	0.527	0.1526	1.66
SNW1	TSSC4	association-only	0.527	-0.1428	-0.79
TSR1	LYAR	association-only	0.527	0.0803	0.74
TSR1	NIP7	association-only	0.527	0.0693	0.51
TUBB	ZC3H8	association-only	-0.527	-0.1368	-0.88
TUBB	RP9	association-only	-0.527	0.1329	0.73
TUBB	NKAP	association-only	-0.527	-0.0193	0.01
UBA52	RPL27A	association-only	0.527	-0.0959	-2.17
UQCRC1	FARSA	association-only	0.527	-0.0652	-0.79
UQCRC1	CENPM	association-only	0.527	-0.186	-1.53
WDR74	EBNA1BP2	association-only	0.527	0.0848	1.06
WDR74	CCT5	association-only	0.527	0.1345	2.83
AP2M1	SNHG5	association-only	-0.526	-0.0179	-0.33
C1orf109	EMC8	association-only	0.526	-0.0388	-0.47
C1orf109	ERVK3-1	association-only	0.526	0.0411	0.42
EEF2	PHIP	association-only	-0.526	0.3025	2.73
EEF2	SCFD1	association-only	-0.526	0.1785	1.37
EIF5	PSMB6	association-only	0.526	-0.1566	-2.15
NCL	G3BP1	association-only	0.526	-0.0166	-0.2
NDUFS5	MIF	association-only	0.526	0.0054	0.22
PRMT5	BRIX1	association-only	0.526	0.0524	0.69
PSMB6	EIF5	association-only	0.526	0.0304	0.35
RPL13A	TBX1	association-only	-0.526	0.117	1.1
RPS29	UPF3B	association-only	-0.526	0.7147	5.98
RPS3	BMI1	association-only	-0.526	0.6202	4.68
RSL1D1	SSBP1	association-only	0.526	0.2291	4.54
SNW1	TPRKB	association-only	0.526	0.2261	2.34
SNW1	MOB4	association-only	0.526	-0.0277	-0.05
SNW1	MRPS35	association-only	0.526	0.0692	0.67
SNW1	EMC7	association-only	0.526	0.1121	1.01
UBA52	TPT1	association-only	0.526	0.0284	0.89
WDR74	MED10	association-only	0.526	0.2448	1.99
WDR74	TIMM50	association-only	0.526	0.1676	1.71
BOP1	TBX1	association-only	0.525	0.0869	0.82
EEF2	CD63	association-only	-0.525	-0.1449	-2.01
EEF2	SNW1	association-only	-0.525	0.3101	2.72
EIF5	WDR43	association-only	0.525	-0.016	-0.19
EIF5	SUGT1	association-only	0.525	-0.118	-1.22
HMGB1	SFPQ	association-only	0.525	-0.0576	-0.93
HMGB1	MAD2L1	association-only	0.525	0.1148	1.11
IK	TMEM59	association-only	0.525	0.0615	0.38
NCL	GPI	association-only	0.525	0.0283	0.25
NCL	SAT1	association-only	-0.525	-0.1662	-0.39
NDUFS5	PRELID1	association-only	0.525	-0.0489	-0.92
RCC1	GCSH	association-only	0.525	0.0099	0.32
RPS3	RPL12	association-only	0.525	0.1015	2.87
RSL1D1	EEF1E1	association-only	0.525	0.1844	3.2
SNW1	EEF2	association-only	-0.525	-0.1181	-2.4
SON	ASH1L	association-only	0.525	-0.0057	0.19
TSR1	NPM1	association-only	0.525	-0.035	-1.12
UBA52	RPS6	association-only	0.525	0.0349	0.81
UQCRC1	DNMT1	association-only	0.525	-0.0656	-0.58
AP2M1	RPL17	association-only	-0.524	-0.0602	-1.84
BOP1	FAM136A	association-only	0.524	0.0783	0.99
BOP1	POLD2	association-only	0.524	0.0501	0.49
C1orf109	MRPS18C	association-only	0.524	0.002	-0.08
EEF2	RHOBTB3	association-only	-0.524	-0.0607	-0.55
EIF5	POLR3C	association-only	0.524	-0.1592	-0.61
HMGB1	HSPA8	association-only	0.524	0.0454	0.72
HNRNPM	PTMA	association-only	0.524	-0.0797	-2.19
KRT8	PNPT1	association-only	-0.524	-0.0047	0.02
NCL	ANTXR2	association-only	-0.524	0.1031	0.35
NCL	KCNH2	association-only	0.524	0.103	0.91
NCL	MYBBP1A	association-only	0.524	0.0925	0.57
NCL	ATP5F1D	association-only	0.524	-0.1574	-2.88
PRMT5	RSL1D1	association-only	0.524	0.0036	0.09
RCC1	PTMA	association-only	0.524	-0.0319	-0.94
RPS29	WAC	association-only	-0.524	0.5492	5.41
RPS3	MRPL52	association-only	-0.524	0.5989	9.02
RPS3	LSM14A	association-only	-0.524	0.5298	4.1
RSL1D1	COA7	association-only	0.524	0.0535	0.55
RSL1D1	CDV3	association-only	0.524	0.0143	0.25
RSL1D1	PRMT5	association-only	0.524	0.0792	0.64
RSL1D1	TIMM50	association-only	0.524	0.1368	1.4
RSL1D1	SNHG17	association-only	0.524	0.3732	2.38
TSR1	TIMM13	association-only	0.524	0.0333	0.61
AP2M1	RPL15	association-only	-0.523	-0.0196	-0.7
AP2M1	EPB41L4A-AS1	association-only	-0.523	0.002	0.17
BOP1	UQCRC1	association-only	0.523	-0.0491	-0.56
BOP1	TIMM13	association-only	0.523	0.0412	0.75
BOP1	CD3EAP	association-only	0.523	-0.0374	-0.24
BOP1	TIMP1	association-only	-0.523	-0.1966	-1.32
EEF2	GNAS	association-only	-0.523	0.0297	0.65
EIF5	BMI1	association-only	0.523	-0.0584	-0.15
GAPDH	NCL	association-only	0.523	-0.0968	-1.95
HNRNPM	ENO1	association-only	0.523	-0.0354	-0.8
NCL	BTG2	association-only	-0.523	-0.11	-0.02
NCL	GAPDH	association-only	0.523	-0.0261	-0.92
NCL	MATK	association-only	0.523	-0.0469	-0.48
PRMT5	LYAR	association-only	0.523	-0.0782	-0.66
PRMT5	TIMM50	association-only	0.523	-0.0155	-0.12
RPL13A	PDCD5	association-only	-0.523	0.159	1.92
RPS3	PIN1	association-only	-0.523	0.4021	3.83
SNW1	ANAPC10	association-only	0.523	0.073	0.47
SNW1	MARK3	association-only	0.523	-0.015	-0.17
TSR1	RRP9	association-only	0.523	0.238	1.84
UQCRC1	BOP1	association-only	0.523	-0.0709	-0.78
BOP1	DPP7	association-only	0.522	0.0661	0.6
BOP1	DAZAP1	association-only	0.522	-0.0448	-0.63
EEF2	ZFR	association-only	-0.522	0.0999	1.01
EEF2	EMC7	association-only	-0.522	0.0824	0.76
EEF2	RPL23A	association-only	0.522	-0.0222	-0.82
EIF5	GLRX2	association-only	0.522	0.1351	1.41
EIF5	ANAPC10	association-only	0.522	-0.0758	-0.34
EIF5	CDC34	association-only	0.522	-0.0494	-0.33
EIF5	TOMM40	association-only	0.522	-0.1334	-2.01
EIF5	RPS9	association-only	-0.522	-0.0588	-2.07
HMGB1	TUBB	association-only	0.522	0.0384	0.58
HNRNPM	FKBP4	association-only	0.522	-0.1156	-1.05
IK	TAX1BP1	association-only	0.522	0.0966	1.06
NCL	ANP32E	association-only	0.522	-0.0926	-1.12
NCL	PPAT	association-only	0.522	0.1319	1.1
NCL	TBRG4	association-only	0.522	0.0603	0.45
NCL	RRS1	association-only	0.522	-0.0145	0.07
NCL	PPAN	association-only	0.522	0.0434	0.46
NCL	PTTG1IP	association-only	-0.522	0.1452	1.91
NCL	POLR3H	association-only	0.522	-0.08	-0.45
PSMB6	NOL7	association-only	0.522	0.0067	0.16
PSMG3	LYAR	association-only	0.522	-0.1277	-1.09
PSMG3	MRPL21	association-only	0.522	-0.0827	-1.04
RPL13A	KIF2A	association-only	-0.522	0.0574	1.02
RPL13A	DUS1L	association-only	-0.522	0.1264	1.66
RSL1D1	PITHD1	association-only	0.522	0.2321	2.47
RSL1D1	RPS17	association-only	0.522	0.1134	2.89
RSL1D1	TBX1	association-only	0.522	0.0225	0.22
SNW1	KPNA4	association-only	0.522	-0.0199	0.03
TSR1	RUVBL1	association-only	0.522	0.1815	2.18
TUBB	HMGB1	association-only	0.522	-0.0371	-1.0
WDR74	TIMM9	association-only	0.522	0.3768	2.88
AP2M1	RPL3	association-only	-0.521	-0.0009	-0.03
ARPC3	CAP1	association-only	0.521	-0.0257	-0.21
C1orf109	CCDC86	association-only	0.521	0.0437	0.23
EIF5	UBE2I	association-only	0.521	-0.089	-0.98
EIF5	NOSIP	association-only	0.521	0.0614	0.43
KRT8	ID1	association-only	0.521	0.0462	0.2
NDUFS5	RAN	association-only	0.521	0.0061	0.0
PRMT5	WDR43	association-only	0.521	-0.1503	-1.49
RPL13A	PPP1R14A	association-only	-0.521	0.1078	1.32
RPS3	TERF2IP	association-only	-0.521	0.6804	5.18
RPS3	NRIP1	association-only	-0.521	0.7175	5.82
RSL1D1	NDUFS6	association-only	0.521	0.0418	0.59
SLC1A5	ERP29	association-only	0.521	0.0088	0.02
SLC1A5	SLC39A3	association-only	0.521	0.0058	-0.09
SNW1	FAM204A	association-only	0.521	0.1602	0.97
SNW1	GOSR1	association-only	0.521	0.2175	1.83
TKT	NPM1	association-only	0.521	-0.0093	-0.22
TSR1	SLC38A5	association-only	0.521	0.235	1.91
UQCRC1	MTCH2	association-only	0.521	0.0195	0.29
WDR74	MRPS18C	association-only	0.521	0.2881	2.89
WDR74	VDAC2	association-only	0.521	0.0491	0.67
BOP1	YBX1	association-only	0.52	-0.0013	-0.14
BOP1	CCDC138	association-only	0.52	0.2958	1.59
BOP1	GAPDH	association-only	0.52	-0.0262	-0.92
C1orf109	NOL7	association-only	0.52	-0.0614	-0.7
EEF2	NSL1	association-only	-0.52	0.0689	0.65
EIF4G2	RPL3	association-only	-0.52	0.1662	4.9
EIF5	RPS24	association-only	-0.52	0.0398	1.17
GAPDH	BOP1	association-only	0.52	-0.0651	-0.72
HNRNPM	SRSF7	association-only	0.52	0.0536	0.97
HNRNPM	EIF1AX	association-only	0.52	0.0731	1.5
KRT8	CD59	association-only	0.52	0.1217	0.73
KRT8	ATP5MC1	association-only	-0.52	0.0004	-0.03
NCL	HBP1	association-only	-0.52	-0.06	-0.09
NCL	PRDX5	association-only	-0.52	-0.0257	-0.18
NCL	HNRNPC	association-only	0.52	-0.0135	-0.31
NCL	MRPL12	association-only	0.52	0.0618	0.93
RCC1	DDX21	association-only	0.52	-0.0529	-0.62
RPS3	NOL7	association-only	-0.52	0.6593	8.39
RSL1D1	MRPS35	association-only	0.52	0.1513	1.51
RSL1D1	UTP14A	association-only	0.52	0.1467	1.29
SNW1	EIF1B	association-only	0.52	0.0756	0.64
TKT	RAN	association-only	0.52	0.0012	-0.11
TSR1	MRPS34	association-only	0.52	0.1108	1.66
TUBB	MRPL52	association-only	-0.52	0.1275	1.74
UQCRC1	RFXANK	association-only	0.52	-0.075	-0.64
WDR74	RRP9	association-only	0.52	0.1708	1.28
AP2M1	RPS9	association-only	-0.519	-0.0394	-1.39
BOP1	APRT	association-only	0.519	-0.015	-0.24
BOP1	CPNE7	association-only	0.519	0.0015	0.15
C1orf109	CCT2	association-only	0.519	0.0246	0.74
EEF2	CGGBP1	association-only	-0.519	0.0154	-0.02
EIF5	DUSP12	association-only	0.519	0.0378	0.09
HNRNPM	HNRNPU	association-only	0.519	0.0166	0.79
HNRNPM	HNRNPC	association-only	0.519	-0.0222	-0.57
NCL	NUDC	association-only	0.519	0.1214	1.41
PRMT5	TOMM40	association-only	0.519	-0.0806	-1.23
RPS29	TPT1	association-only	0.519	-0.2778	-9.29
RSL1D1	SBDS	association-only	0.519	-0.025	-0.24
TUBB	SLC25A6	association-only	0.519	0.014	0.31
UBA52	SNHG29	association-only	0.519	-0.1076	-2.39
WDR74	ZFR	association-only	0.519	0.0916	0.93
WDR74	MRPL21	association-only	0.519	0.1248	1.7
BOP1	GAR1	association-only	0.518	-0.0337	-0.34
BOP1	NME2	association-only	0.518	-0.0158	-0.5
C1orf109	NIFK	association-only	0.518	-0.0729	-0.69
EEF2	TAX1BP1	association-only	-0.518	0.0533	0.63
EIF4G2	EEF1A1	association-only	-0.518	0.22	8.21
EIF5	C1orf52	association-only	0.518	-0.2197	-1.71
EIF5	PFDN2	association-only	0.518	-0.0172	-0.28
GAPDH	MATK	association-only	0.518	0.097	0.67
IK	BTG1	association-only	0.518	0.2383	2.21
IK	TOX4	association-only	0.518	0.2501	1.99
KRT8	EBNA1BP2	association-only	-0.518	-0.0255	-0.14
KRT8	CD320	association-only	-0.518	0.1026	1.08
NCL	PPM1G	association-only	0.518	0.0208	0.37
NCL	BMS1	association-only	0.518	-0.0098	-0.03
PSMB6	PSMC4	association-only	0.518	0.6308	6.8
PSMG3	PSMG1	association-only	0.518	-0.0747	-1.32
RCC1	NME1	association-only	0.518	0.0442	1.03
RPL13A	CIZ1	association-only	-0.518	-0.0393	-0.26
RPS29	CIZ1	association-only	-0.518	0.4182	3.5
RPS3	PAIP1	association-only	-0.518	0.716	6.48
RPS3	MPC1	association-only	-0.518	0.917	7.66
RPS3	EIF2S3	association-only	0.518	-0.2466	-3.43
SNW1	CCDC43	association-only	0.518	0.0555	0.4
TUBB	WAC	association-only	-0.518	0.1773	1.69
TUBB	HSPA8	association-only	0.518	0.0214	0.39
UBA52	RPL7	association-only	0.518	-0.0194	-0.67
UQCRC1	TYMS	association-only	0.518	-0.043	-0.53
WDR74	PITHD1	association-only	0.518	0.1428	1.49
BOP1	ARHGAP22	association-only	0.517	0.0872	0.66
BOP1	UTP20	association-only	0.517	0.1706	1.39
C1orf109	MRPS10	association-only	0.517	0.0192	0.01
EEF2	ATP5PD	association-only	-0.517	0.0451	0.44
EIF5	OCIAD1	association-only	0.517	0.1538	2.69
EIF5	MRPS35	association-only	0.517	0.0372	0.35
NCL	KIF1A	association-only	0.517	-0.1948	-0.96
NCL	MRPL4	association-only	0.517	0.0542	0.72
RPL13A	UCHL5	association-only	-0.517	0.091	1.16
RPL13A	SMARCC1	association-only	-0.517	0.0057	0.29
RPL13A	SPCS1	association-only	-0.517	-0.0146	-0.2
RPS3	SCFD1	association-only	-0.517	0.5039	3.67
TSR1	CDV3	association-only	0.517	0.1359	1.83
TUBB	SNAP29	association-only	-0.517	0.1727	1.69
BOP1	FAM216A	association-only	0.516	-0.1638	-0.77
BOP1	EIF3K	association-only	0.516	0.0523	1.52
EEF2	RSF1	association-only	-0.516	0.1223	1.07
EIF5	PDCD2	association-only	0.516	-0.0094	-0.16
EIF5	SOCS2	association-only	0.516	0.0029	-0.08
EIF5	DNAJC7	association-only	0.516	-0.0189	-0.45
EIF5	PSMG1	association-only	0.516	-0.0266	-0.47
EIF5	EIF3L	association-only	-0.516	-0.2408	-2.85
GAPDH	PTMA	association-only	0.516	-0.0211	-0.66
GAPDH	HK1	association-only	0.516	0.0092	0.1
GAPDH	CENPX	association-only	0.516	-0.007	-0.13
HNRNPM	SERBP1	association-only	0.516	-0.0815	-2.57
IK	AKIRIN1	association-only	0.516	0.0249	0.26
IK	SEPTIN7	association-only	0.516	0.084	1.2
KRT8	CTPS1	association-only	-0.516	0.0168	0.24
KRT8	MRPS34	association-only	-0.516	0.0453	0.72
NCL	PNPLA8	association-only	-0.516	-0.1511	-0.44
PSMG3	SDHAF3	association-only	0.516	-0.1608	-1.22
RCC1	MATK	association-only	0.516	0.0369	0.19
RPS29	RPS20	association-only	0.516	-0.1039	-2.0
RPS3	DEK	association-only	-0.516	0.3147	5.23
RPS3	ZNF787	association-only	-0.516	0.702	4.89
RSL1D1	MRPS30	association-only	0.516	0.2685	2.79
RSL1D1	RIOK1	association-only	0.516	0.0993	0.73
RSL1D1	DDX21	association-only	0.516	-0.0363	-0.37
TSR1	UCHL5	association-only	0.516	0.0627	0.84
TSR1	GSPT1	association-only	0.516	0.1452	1.91
WDR74	MAGOHB	association-only	0.516	-0.153	-1.49
BOP1	NMRAL1	association-only	0.515	0.2636	1.53
C1orf109	RP9	association-only	0.515	0.122	0.66
EEF2	DYNLL1	association-only	-0.515	0.1542	2.54
EEF2	RNASEH2B	association-only	-0.515	0.168	1.94
EEF2	SLC7A5	association-only	0.515	-0.2793	-1.48
GAPDH	SRM	association-only	0.515	-0.1688	-2.12
GAPDH	ODC1	association-only	0.515	-0.1254	-1.99
HMGB1	LBR	association-only	0.515	-0.0452	-0.36
HMGB1	SNRPD1	association-only	0.515	-0.0566	-0.97
KRT8	ATIC	association-only	-0.515	0.0018	0.08
KRT8	GNL3	association-only	-0.515	-0.0655	-0.71
KRT8	DIMT1	association-only	-0.515	0.0576	0.38
KRT8	CAVIN1	association-only	0.515	-0.3022	-1.09
NCL	NIP7	association-only	0.515	0.1283	1.03
NDUFS5	SNRPG	association-only	0.515	-0.0194	-0.41
NDUFS5	NME1	association-only	0.515	-0.0718	-1.58
RPS3	TAOK3	association-only	-0.515	0.9347	8.44
RSL1D1	SERBP1	association-only	0.515	0.0704	2.25
SNW1	DHCR24	association-only	-0.515	-0.065	-0.72
SNW1	SAP18	association-only	0.515	0.1051	1.21
SNW1	MT-ND4L	association-only	-0.515	-0.0391	-0.16
SON	PRPF3	association-only	0.515	0.2894	1.28
TSR1	GAR1	association-only	0.515	0.1693	1.9
WDR74	ATAD3A	association-only	0.515	0.0877	0.7
WDR74	DIMT1	association-only	0.515	0.1325	1.05
ACIN1	SON	association-only	0.514	-0.0712	-0.77
C1orf109	CMSS1	association-only	0.514	0.0147	0.2
EEF2	CCDC34	association-only	-0.514	0.2791	2.39
EEF2	CDC34	association-only	-0.514	-0.0083	0.03
EIF4G2	MTCH2	association-only	0.514	-0.0991	-1.0
EIF5	RPL39	association-only	-0.514	0.0658	2.32
EIF5	MT-ATP6	association-only	-0.514	0.1487	4.13
HMGB1	SERBP1	association-only	0.514	0.0152	0.5
NCL	CDV3	association-only	0.514	-0.0661	-0.79
NCL	CENPX	association-only	0.514	0.0494	0.62
PSMB6	COMMD9	association-only	0.514	-0.2553	-1.81
RPL13A	XPA	association-only	-0.514	0.4446	2.47
RSL1D1	SSB	association-only	0.514	0.0197	0.29
SLC1A5	DDIT4	association-only	0.514	-0.1834	-0.27
SNW1	RAB5A	association-only	0.514	0.0108	0.13
SNW1	BTG1	association-only	0.514	0.1477	1.37
SON	RLF	association-only	0.514	0.1781	1.26
SON	ACIN1	association-only	0.514	0.0137	0.23
TAF1D	PXMP2	association-only	-0.514	0.3639	1.95
UBA52	RPL5	association-only	0.514	-0.0009	-0.13
UQCRC1	EIF3K	association-only	0.514	0.0461	1.34
WDR74	EIF2S1	association-only	0.514	0.2297	2.73
BOP1	DNAJC21	association-only	0.513	0.2332	2.2
BOP1	SET	association-only	0.513	0.0323	0.83
BOP1	TOMM40	association-only	0.513	0.1174	1.71
C1orf109	NOP58	association-only	0.513	0.01	0.16
EEF2	RPL37	association-only	0.513	0.0162	0.52
EEF2	GRINA	association-only	-0.513	-0.1186	-0.49
EEF2	UPF3B	association-only	-0.513	0.0331	0.26
EIF5	EIF3F	association-only	-0.513	0.1261	1.68
EIF5	COA8	association-only	0.513	0.0694	0.57
EIF5	SLC25A6	association-only	-0.513	-0.0476	-0.63
HMGB1	YPEL5	association-only	-0.513	0.0725	0.16
HMGB1	H2AFZ	association-only	0.513	0.005	0.08
HMGB1	POLD4	association-only	-0.513	-0.1383	-0.5
HMGB1	BTG1	association-only	-0.513	0.0607	0.57
PRMT5	SLIRP	association-only	0.513	-0.1198	-1.78
RCC1	NPM1	association-only	0.513	-0.0025	0.01
RPL13A	CERT1	association-only	-0.513	0.1828	1.07
RPL13A	POLDIP2	association-only	-0.513	0.0509	0.51
RPS3	SAP30	association-only	-0.513	1.0685	6.84
RSL1D1	MRPL47	association-only	0.513	0.2782	3.37
SNW1	NELFA	association-only	0.513	-0.0649	-0.36
SNW1	SOCS2	association-only	0.513	0.1838	1.44
TSR1	GRPEL1	association-only	0.513	0.0662	0.34
TSR1	PPA1	association-only	0.513	0.0566	1.28
TSR1	CD3EAP	association-only	0.513	0.0508	0.35
UQCRC1	VARS	association-only	0.513	-0.0404	-0.47
BOP1	TBL3	association-only	0.512	0.0543	0.38
BOP1	TCF3	association-only	0.512	-0.0242	-0.12
BOP1	GPI	association-only	0.512	-0.2061	-1.66
C1orf109	MRPS30	association-only	0.512	0.0389	0.6
C1orf109	SRSF3	association-only	0.512	0.0176	0.18
EEF2	IQGAP2	association-only	-0.512	0.1794	2.01
EEF2	RPL6	association-only	0.512	0.064	1.95
EEF2	DGCR6L	association-only	-0.512	0.1276	1.22
EIF5	MAGOHB	association-only	0.512	-0.1464	-1.43
EIF5	RPS28	association-only	-0.512	-0.0684	-2.24
GAPDH	FABP5	association-only	0.512	-0.1302	-1.38
NCL	ABCE1	association-only	0.512	0.0153	0.27
NCL	MGST1	association-only	0.512	0.052	0.73
PSMB6	SDHB	association-only	0.512	-0.0605	-0.27
PSMG3	EEF1E1	association-only	0.512	-0.0836	-1.21
RPL13A	ERP44	association-only	-0.512	0.1663	1.35
RPL13A	GNAS	association-only	-0.512	-0.0043	-0.02
RPS29	RPL10A	association-only	0.512	-0.101	-3.74
RSL1D1	STRAP	association-only	0.512	0.0707	0.65
SLC1A5	BTG1	association-only	-0.512	0.1372	1.28
SNW1	PSMA6	association-only	0.512	0.1136	2.54
TUBB	NT5C3A	association-only	-0.512	0.0287	0.27
UBA52	RPL9	association-only	0.512	0.0695	1.99
UQCRC1	SRPK1	association-only	0.512	-0.0142	-0.07
UQCRC1	WDR18	association-only	0.512	0.0454	0.35
BOP1	GEMIN5	association-only	0.511	-0.0766	-0.48
BOP1	ATP5F1B	association-only	0.511	-0.003	-0.02
BOP1	MYBBP1A	association-only	0.511	-0.0532	-0.18
BOP1	CISD3	association-only	0.511	0.0467	0.23
BOP1	PSMC5	association-only	0.511	-0.0027	-0.09
EEF2	OCIAD1	association-only	-0.511	0.2027	3.59
EEF2	RPS15A	association-only	0.511	-0.1207	-3.77
EEF2	PITPNB	association-only	-0.511	0.0941	0.93
EIF5	RAD18	association-only	0.511	-0.1896	-1.16
EIF5	CSNK2B	association-only	0.511	-0.0856	-0.96
EIF5	PCLAF	association-only	-0.511	-0.0995	-0.99
EIF5	EIF6	association-only	0.511	-0.1258	-1.6
GAPDH	VDAC1	association-only	0.511	0.0299	0.49
HMGB1	AAK1	association-only	-0.511	-0.2191	-0.75
HMGB1	HSP90AB1	association-only	0.511	-0.0106	-0.24
KRT8	SRPK1	association-only	-0.511	0.0555	0.82
PSMG3	ATAD3A	association-only	0.511	-0.0136	-0.1
RPL13A	SHMT2	association-only	0.511	-0.1854	-1.11
RPS3	STXBP6	association-only	-0.511	1.1665	5.48
RSL1D1	YBX1	association-only	0.511	0.0071	0.14
SMC4	PRKDC	association-only	0.511	-0.1547	-2.51
SNW1	CCDC58	association-only	0.511	-0.1453	-1.2
UBA52	RPL14	association-only	0.511	-0.0375	-1.21
UBA52	RPL35A	association-only	0.511	0.0588	1.19
UQCRC1	PSMC5	association-only	0.511	-0.0258	-0.44
BOP1	PNPT1	association-only	0.51	0.0767	0.62
BOP1	PRMT3	association-only	0.51	-0.1156	-0.51
BOP1	PAM16	association-only	0.51	-0.0774	-0.95
EEF2	NKAP	association-only	-0.51	0.4421	2.81
EGLN2	RAD23A	association-only	0.51	0.0551	0.48
EIF5	LINC02610	association-only	0.51	0.0319	0.24
EIF5	PDCD7	association-only	0.51	0.0058	-0.02
EIF5	NGRN	association-only	0.51	-0.006	-0.11
GAPDH	GAL	association-only	0.51	0.0372	0.36
HMGB1	FABP5	association-only	0.51	-0.0617	-0.57
IK	SF3B2	association-only	0.51	0.099	1.6
NCL	NOP14	association-only	0.51	-0.0236	-0.22
NCL	WDR36	association-only	0.51	0.0755	0.58
NCL	CBX3	association-only	0.51	0.0497	0.84
NCL	CCDC85B	association-only	0.51	-0.0976	-1.06
NCL	BTG1	association-only	-0.51	0.1326	1.24
NCL	SLC38A5	association-only	0.51	-0.0408	-0.32
PCID2	TRAP1	association-only	0.51	-0.0112	-0.04
RPL13A	PRKAR2A	association-only	-0.51	0.1192	1.45
RPL13A	PITPNB	association-only	-0.51	-0.0217	-0.14
RPS29	NSD3	association-only	-0.51	0.2787	2.19
RPS3	RPL22	association-only	0.51	-0.2464	-6.99
RPS3	DVL3	association-only	-0.51	0.7813	3.65
RPS3	SHMT2	association-only	0.51	-0.8259	-5.03
RSL1D1	MAGOHB	association-only	0.51	0.1407	1.25
RSL1D1	EIF5A	association-only	0.51	-0.0273	-0.65
SLC1A5	BCAT1	association-only	0.51	-0.0267	-0.23
SNW1	IK	association-only	0.51	0.0889	1.02
SNW1	DYNLL1	association-only	0.51	-0.0373	-0.51
TSR1	ARHGAP22	association-only	0.51	0.24	1.6
TUBB	ZCCHC7	association-only	-0.51	-0.1198	-0.69
TUBB	HNRNPA1	association-only	0.51	-0.0251	-0.69
UBA52	RPL36A	association-only	0.51	0.1231	2.85
UQCRC1	RPS6KB2	association-only	0.51	0.003	0.15
UQCRC1	ATP5MC1	association-only	0.51	-0.0143	-0.3
WDR74	NOL10	association-only	0.51	0.0672	0.77
BOP1	MRPS5	association-only	0.509	0.1431	1.68
BOP1	UBA2	association-only	0.509	0.0458	0.78
C1orf109	FIP1L1	association-only	0.509	0.0834	0.75
EEF2	BPTF	association-only	-0.509	0.2916	3.05
EIF5	MED8	association-only	0.509	-0.0298	-0.16
EIF5	STRAP	association-only	0.509	-0.0314	-0.4
EIF5	AATF	association-only	0.509	-0.1704	-1.15
PSMB6	NDUFS6	association-only	0.509	-0.225	-4.1
PSMB6	DYNLL1	association-only	0.509	0.0472	0.84
RCC1	SERBP1	association-only	0.509	-0.0329	-1.03
RPL13A	MRPL21	association-only	-0.509	0.1143	1.56
RPL13A	VPS4A	association-only	-0.509	0.0258	0.21
RPL13A	SNHG16	association-only	0.509	-0.0928	-1.27
RPS29	GNAS	association-only	-0.509	0.1774	3.59
RPS3	HSD17B10	association-only	-0.509	0.4288	4.11
RSL1D1	AK6	association-only	0.509	0.1349	1.5
TAF1D	NDUFS7	association-only	-0.509	-0.0256	-0.3
WDR74	MIIP	association-only	0.509	0.1443	0.6
WDR74	KCMF1	association-only	0.509	0.1508	1.38
BOP1	SYNCRIP	association-only	0.508	-0.0403	-0.46
BOP1	MGST1	association-only	0.508	0.046	0.66
C1orf109	GTPBP4	association-only	0.508	-0.1014	-1.3
C1orf109	TALDO1	association-only	-0.508	-0.081	-0.94
C1orf109	NFKBIB	association-only	0.508	-0.0875	-0.46
EEF2	EPB41	association-only	-0.508	-0.0263	-0.29
EEF2	PRPF40A	association-only	-0.508	0.1632	1.83
EEF2	TOX4	association-only	-0.508	0.3602	2.93
EEF2	STXBP6	association-only	-0.508	0.2726	1.2
EIF5	CMSS1	association-only	0.508	-0.1127	-1.15
EIF5	EEF1A1	association-only	-0.508	0.0853	3.27
EIF5	ATG101	association-only	0.508	0.013	0.09
GAPDH	PRMT1	association-only	0.508	-0.0666	-1.1
HMGB1	GCSH	association-only	0.508	0.0828	1.53
KRT8	GPATCH4	association-only	-0.508	0.0456	0.61
KRT8	SLIRP	association-only	-0.508	0.0352	0.36
NCL	TSC22D4	association-only	-0.508	-0.0071	0.22
NCL	SDCBP	association-only	-0.508	-0.071	-0.71
NCL	TIMP1	association-only	-0.508	-0.1146	-0.77
PNISR	HSPA8	association-only	-0.508	-0.0167	-0.13
PRMT5	YRDC	association-only	0.508	0.1086	1.36
PSMG3	PDCD5	association-only	0.508	-0.0375	-0.52
RPL13A	RWDD4	association-only	-0.508	0.0946	0.82
RPL13A	PAIP1	association-only	-0.508	0.031	0.25
RPS3	MED10	association-only	-0.508	1.2231	9.75
RPS3	SDHAF3	association-only	-0.508	0.4877	3.28
RPS3	OSBPL8	association-only	-0.508	0.1875	2.34
TSR1	RRS1	association-only	0.508	0.0359	0.39
TSR1	MRPL21	association-only	0.508	0.2237	3.01
TUBB	H2AFV	association-only	0.508	0.0716	0.91
TUBB	DDIT3	association-only	-0.508	0.3473	1.18
UQCRC1	DTYMK	association-only	0.508	-0.0797	-0.91
UQCRC1	PPP1R14A	association-only	0.508	-0.0988	-1.45
WDR74	LTV1	association-only	0.508	0.1993	1.73
BOP1	ENO1	association-only	0.507	-0.0119	-0.18
BOP1	MTHFD1	association-only	0.507	0.0287	0.5
BOP1	MRPS34	association-only	0.507	0.0942	1.42
C1orf109	C11orf58	association-only	0.507	0.0193	0.31
EEF2	TTC17	association-only	-0.507	0.0987	0.66
EGLN2	GPATCH4	association-only	0.507	-0.0239	-0.26
EIF4G2	HNRNPA2B1	association-only	0.507	-0.0652	-1.23
EIF5	TAOK3	association-only	0.507	0.2097	1.92
EIF5	TLK2	association-only	0.507	0.2796	1.54
EIF5	RAD23A	association-only	0.507	-0.1936	-2.32
HMGB1	PGAM1	association-only	0.507	-0.1405	-1.48
KRT8	DDX1	association-only	-0.507	0.0019	0.07
NCL	NEU1	association-only	-0.507	0.023	-0.03
PSMB6	PSMB7	association-only	0.507	0.5887	8.18
RPL13A	ATG3	association-only	-0.507	0.1685	1.13
RPL13A	SCFD1	association-only	-0.507	-0.0555	-0.28
RPS3	SUCLA2	association-only	-0.507	0.3252	2.82
RPS3	TBX1	association-only	-0.507	1.1868	11.03
RSL1D1	EMC8	association-only	0.507	0.1773	1.69
SNW1	RNF181	association-only	0.507	0.0329	0.23
SNW1	MRPS30	association-only	0.507	0.0199	0.42
SNW1	TAX1BP1	association-only	0.507	-0.0026	0.07
TAF1D	RFXANK	association-only	-0.507	0.182	1.3
TSR1	MRPL4	association-only	0.507	0.1167	1.51
TUBB	ZFAND2A	association-only	-0.507	0.0621	0.26
TUBB	RPS9	association-only	0.507	-0.0527	-1.86
WDR74	MTIF2	association-only	0.507	0.1873	1.56
WDR74	RP9	association-only	0.507	-0.0722	-0.43
WDR74	EMC8	association-only	0.507	0.1171	1.09
WDR74	CFAP298	association-only	0.507	0.1979	2.11
BOP1	JTB	association-only	0.506	0.0237	0.28
BOP1	IGBP1	association-only	-0.506	-0.2977	-1.78
EEF2	IK	association-only	-0.506	0.0866	1.0
EEF2	RPLP2	association-only	0.506	-0.1118	-3.37
EEF2	LRRC75A	association-only	0.506	-0.3201	-1.77
EIF5	SDHB	association-only	0.506	-0.2272	-1.49
EIF5	ZC3H14	association-only	0.506	-0.2534	-1.69
EIF5	GFER	association-only	0.506	-0.0865	-0.71
EIF5	CFAP298	association-only	0.506	-0.0192	-0.14
HMGB1	TOMM5	association-only	0.506	-0.0313	-0.55
IK	EEF2	association-only	-0.506	-0.0316	-0.56
KRT8	TMEM158	association-only	0.506	-1.226	-1.4
KRT8	GCSH	association-only	-0.506	-0.052	-0.71
KRT8	TIMM50	association-only	-0.506	-0.0192	-0.15
LST1	LAPTM5	association-only	0.506	0.0909	0.75
NCL	NOC2L	association-only	0.506	0.0711	0.83
NCL	S100A11	association-only	-0.506	-0.0583	-0.56
NCL	CYCS	association-only	0.506	-0.0118	-0.32
NCL	POP7	association-only	0.506	-0.0285	-0.34
NCL	CHCHD10	association-only	0.506	0.0049	-0.03
NDUFS5	SNRPE	association-only	0.506	-0.0184	-0.33
NDUFS5	PEBP1	association-only	0.506	0.0701	1.2
PRMT5	NTMT1	association-only	0.506	0.0497	0.63
RPL13A	OSBPL8	association-only	-0.506	0.0579	0.75
RPS3	RPL24	association-only	0.506	-0.1649	-5.28
RPS3	C12orf73	association-only	-0.506	0.8772	6.78
RSL1D1	DCTPP1	association-only	0.506	0.0562	0.68
SNW1	NOSIP	association-only	0.506	-0.0583	-0.48
TUBB	XPA	association-only	-0.506	-0.0382	-0.35
TUBB	MALAT1	association-only	-0.506	0.0509	0.7
UBA52	RPL7A	association-only	0.506	-0.0055	-0.46
AP2M1	RPS11	association-only	-0.505	-0.014	-0.5
BOP1	NCL	association-only	0.505	-0.0178	-0.26
BOP1	STK25	association-only	0.505	-0.1238	-0.92
BOP1	MDN1	association-only	0.505	-0.0359	-0.3
BOP1	CHCHD3	association-only	0.505	-0.0416	-0.41
BOP1	UTP6	association-only	0.505	0.2299	2.29
EIF4G2	UCHL5	association-only	0.505	-0.0562	-0.51
EIF5	TSSC4	association-only	0.505	0.0715	0.31
EIF5	NXT1	association-only	0.505	0.003	-0.01
GAPDH	ATP5MC3	association-only	0.505	-0.0413	-0.95
NCL	BOP1	association-only	0.505	-0.0762	-0.84
NCL	LMO2	association-only	0.505	-0.0138	-0.03
NCL	GTF3A	association-only	0.505	-0.0037	0.06
NCL	RRP7A	association-only	0.505	-0.155	-1.44
NDUFS5	RPS26	association-only	0.505	-0.0442	-0.95
PSMB6	MED10	association-only	0.505	0.2491	2.02
RPL13A	GUK1	association-only	-0.505	0.1249	2.16
RPL13A	DNAJC21	association-only	-0.505	0.0944	0.89
RPL13A	UBE2M	association-only	-0.505	0.1484	1.87
RPS29	RPL36A	association-only	0.505	-0.1685	-4.18
SNW1	H2AFZ	association-only	-0.505	-0.0057	-0.12
SNW1	PQBP1	association-only	0.505	0.0227	0.17
TAF1D	PCM1	association-only	-0.505	0.1845	2.37
TSR1	CACYBP	association-only	0.505	0.0255	0.32
TUBB	TFRC	association-only	0.505	-0.1216	-1.54
TUBB	TERF2IP	association-only	-0.505	-0.1149	-0.95
TUBB	HOMER3	association-only	-0.505	0.4175	1.57
UQCRC1	CTPS1	association-only	0.505	0.0995	1.24
UQCRC1	CDC45	association-only	0.505	-0.0548	-0.43
AP2M1	RPL7	association-only	-0.504	0.0226	0.63
AP2M1	RPL27A	association-only	-0.504	-0.006	-0.01
BOP1	MRPS15	association-only	0.504	-0.0038	-0.07
BOP1	POLR3G	association-only	0.504	0.0101	0.16
C1orf109	IDH2	association-only	-0.504	-0.0075	0.1
C1orf109	RPL3	association-only	-0.504	-0.027	-0.8
EEF2	TFRC	association-only	0.504	-0.047	-0.49
EEF2	KTN1	association-only	-0.504	0.0347	0.41
EEF2	ARL2BP	association-only	-0.504	0.3486	1.8
HNRNPM	RPS26	association-only	0.504	-0.0771	-1.67
KRT8	DTYMK	association-only	-0.504	0.0077	0.1
KRT8	NME1	association-only	-0.504	0.0102	0.26
KRT8	TIMM13	association-only	-0.504	0.0477	0.87
NCL	AHCTF1	association-only	0.504	-0.0132	-0.07
NCL	SACS	association-only	0.504	0.0111	0.19
NCL	ITM2B	association-only	-0.504	-0.1124	-1.13
NCL	MTHFD1	association-only	0.504	0.1585	1.56
NCL	MRPL34	association-only	0.504	0.0512	0.63
NCL	RRP1	association-only	0.504	0.1752	1.84
PSMB6	MRPS22	association-only	0.504	-0.0637	-0.49
PSMB6	EIF2S1	association-only	0.504	-0.1045	-1.06
PSMG3	TOMM40	association-only	0.504	0.0438	0.61
RPS29	RPS5	association-only	0.504	-0.0962	-2.73
RPS3	LARP4	association-only	-0.504	0.2798	3.17
RSL1D1	ACP1	association-only	0.504	0.1271	1.24
SNW1	MRPL1	association-only	0.504	-0.1166	-0.9
SNW1	RPL3	association-only	-0.504	0.0108	0.32
TAF1D	HADHA	association-only	-0.504	0.0538	1.0
TUBB	TSNAX	association-only	-0.504	0.2076	1.94
TUBB	MRPS10	association-only	-0.504	0.0549	0.41
UBA52	RPL15	association-only	0.504	-0.0995	-2.69
BOP1	HBQ1	association-only	0.503	0.0475	0.36
BOP1	NDUFAF8	association-only	0.503	0.0018	-0.01
BOP1	ATP5F1D	association-only	0.503	-0.0424	-0.78
C1orf109	PNO1	association-only	0.503	0.0161	0.31
EEF2	PABPC1	association-only	0.503	-0.0715	-1.32
EIF5	RPF1	association-only	0.503	0.0286	0.16
EIF5	CDV3	association-only	0.503	-0.0111	-0.08
EIF5	BCL7B	association-only	0.503	0.0575	0.23
GAPDH	ANP32E	association-only	0.503	-0.0998	-1.22
PSMB6	BRIX1	association-only	0.503	-0.1365	-1.67
PSMB6	MRPL22	association-only	0.503	-0.1655	-1.77
PSMB6	PSMC2	association-only	0.503	0.328	3.39
RCC1	CCT6A	association-only	0.503	-0.008	0.04
RPL13A	FIP1L1	association-only	-0.503	0.2536	2.39
RPS29	GGNBP2	association-only	-0.503	0.6951	6.31
RSL1D1	NOC2L	association-only	0.503	0.1311	1.46
SLC1A5	EIF4EBP1	association-only	0.503	-0.0589	-0.58
SNW1	EIF3D	association-only	0.503	0.1538	1.69
TAF1D	PPP1R14A	association-only	-0.503	0.3361	4.39
TKT	HSP90AB1	association-only	0.503	0.0663	2.02
TSR1	HNRNPA2B1	association-only	0.503	-0.0073	0.04
TSR1	LDHB	association-only	0.503	0.0151	0.19
UBA52	RPL11	association-only	0.503	0.0271	0.67
UQCRC1	NT5DC2	association-only	0.503	-0.0495	-0.63
WDR74	MRPS30	association-only	0.503	0.1608	1.76
AP2M1	PCM1	association-only	0.502	0.036	0.52
ARPC3	S100A11	association-only	0.502	-0.0215	-0.21
BOP1	KLHL23	association-only	0.502	0.0502	0.54
C1orf109	RPL7L1	association-only	0.502	0.0078	0.17
EEF2	C1orf122	association-only	-0.502	0.0958	0.92
EEF2	SRP9	association-only	-0.502	0.3018	5.04
EEF2	ZCCHC7	association-only	-0.502	0.0396	0.21
EEF2	IMMP1L	association-only	-0.502	0.0451	0.27
EEF2	SPCS2	association-only	-0.502	0.0883	1.14
EEF2	COX6A1	association-only	-0.502	0.1515	2.57
EIF5	HNRNPH3	association-only	0.502	-0.0936	-1.08
EIF5	ISCU	association-only	0.502	-0.0486	-0.51
KRT8	SDHAF3	association-only	-0.502	0.0994	0.59
NCL	GAR1	association-only	0.502	0.2299	2.57
PCID2	CYC1	association-only	0.502	-0.1071	-1.33
PSMB6	MRPL46	association-only	0.502	-0.049	-0.4
PSMG3	UCHL5	association-only	0.502	-0.0783	-0.76
PSMG3	DTYMK	association-only	0.502	-0.078	-0.89
RPS3	C8orf33	association-only	-0.502	0.9299	8.22
RSL1D1	NAA15	association-only	0.502	0.0716	0.95
SLC1A5	RSL24D1	association-only	0.502	0.0304	0.38
SON	MAP2K2	association-only	-0.502	-0.1685	-2.06
TAF1D	RBM39	association-only	0.502	0.045	0.72
TSR1	SRSF2	association-only	0.502	-0.0288	-0.41
TSR1	SLC19A1	association-only	0.502	0.1786	0.98
TUBB	BBX	association-only	-0.502	0.0602	0.29
TUBB	KPNA4	association-only	-0.502	-0.0169	0.06
WDR74	NDUFAF4	association-only	0.502	0.1074	1.01
BOP1	PODXL2	association-only	0.501	-0.0142	-0.23
BOP1	CISD1	association-only	0.501	-0.0208	-0.13
BOP1	RNF126	association-only	0.501	0.0491	0.36
C1orf109	ECHDC1	association-only	0.501	0.0067	0.07
C1orf109	DNAJC2	association-only	0.501	-0.0199	-0.13
C1orf109	SNHG1	association-only	0.501	0.0417	0.34
EEF2	RPS3A	association-only	0.501	-0.1632	-5.03
EEF2	RNF114	association-only	-0.501	0.0468	0.43
EIF5	RAB5A	association-only	0.501	0.1746	1.19
EIF5	DRG1	association-only	0.501	0.0317	0.23
HMGB1	DHX9	association-only	0.501	0.0105	0.47
IK	SNAP29	association-only	0.501	-0.0317	-0.45
KRT8	RHOC	association-only	0.501	0.0701	0.56
KRT8	WDR43	association-only	-0.501	-0.0024	-0.06
KRT8	LDHA	association-only	-0.501	-0.0124	-0.29
KRT8	AP2S1	association-only	0.501	0.0011	0.08
KRT8	C20orf27	association-only	-0.501	0.1019	1.23
KRT8	SLC38A5	association-only	-0.501	0.0465	0.39
LST1	SPI1	association-only	0.501	-0.0668	-0.07
NCL	PLD3	association-only	-0.501	-0.0689	-0.44
NCL	ARMCX3	association-only	-0.501	-0.0096	-0.01
PCID2	METTL5	association-only	0.501	-0.0533	-0.76
PSMB6	GPATCH4	association-only	0.501	-0.1042	-1.26
PSMG3	POLR3K	association-only	0.501	-0.1282	-1.76
RPL13A	MPC1	association-only	-0.501	0.1153	1.04
RPL13A	KIF5B	association-only	-0.501	-0.0327	-0.46
RPS3	UBA52	association-only	0.501	-0.1623	-4.25
SNW1	SPN	association-only	-0.501	0.0035	0.09
SNW1	TERF2IP	association-only	0.501	-0.0394	-0.37
TAF1D	RPS6KB2	association-only	-0.501	0.1576	1.55
TKT	RANBP1	association-only	0.501	-0.016	-0.56
UBA52	RPS3	association-only	0.501	-0.0669	-2.57
WDR74	UTP4	association-only	0.501	0.1043	0.56
WDR74	MRPL58	association-only	0.501	0.12	0.85
WDR74	RRP1B	association-only	0.501	0.044	0.59
AP2M1	RPL5	association-only	-0.5	-0.0181	-0.62
AP2M1	EIF4B	association-only	-0.5	-0.0116	0.01
BOP1	MFSD12	association-only	0.5	0.0055	0.21
C1orf109	COPS5	association-only	0.5	-0.1	-1.31
EEF2	SNX6	association-only	-0.5	0.1343	2.33
HMGB1	EXOSC7	association-only	0.5	-0.0031	-0.27
IK	RBM42	association-only	0.5	0.2638	1.5
KRT8	TMEM147	association-only	-0.5	0.0413	0.71
PRMT5	CCT2	association-only	0.5	0.0522	1.37
PSMG3	KPNB1	association-only	0.5	-0.1249	-2.11
RCC1	ENO1	association-only	0.5	-0.0068	-0.05
RSL1D1	NOL11	association-only	0.5	0.1337	1.31
SNW1	NT5C3A	association-only	0.5	-0.1153	-0.61
SNW1	SNHG7	association-only	0.5	-0.0625	-0.4
TUBB	OAZ1	association-only	0.5	0.0419	1.6
WDR74	GLRX3	association-only	0.5	0.0813	0.72
